SourceFamily,CaseFolder,CaseIndex,case_id,solver_group,language,parallel_model,kernel_style,N,Re,scheme,pressure,steps,poisson_iters,total_cores,mpi_ranks,threads_per_rank,runs,runtime_min_s,runtime_mean_s,runtime_median_s,baseline_cores,baseline_runtime_s,speedup_vs_baseline,parallel_efficiency,best_total_cores,best_runtime_median_s,successful_repeats,Runtime_s_mean,Runtime_s_std,Runtime_s_min,Runtime_s_max
openmp,openmp_case_1,1,case1_N32_Re100_upwind_steps1000_p200,c_openmp_domain_looped,c,openmp_domain,looped,32,100,upwind,RBGS,1000.0,200.0,1.0,1,1.0,3.0,1.144075271,1.146292857,1.1470108,1.0,1.1470108,1.0,1.0,1.0,1.1470108,,,,,
openmp,openmp_case_1,1,case1_N32_Re100_upwind_steps1000_p200,c_openmp_domain_looped,c,openmp_domain,looped,32,100,upwind,RBSOR,1000.0,200.0,1.0,1,1.0,3.0,0.6742018237999999,0.6750669268,0.6753695719,1.0,0.6753695719,1.0,1.0,1.0,0.6753695719,,,,,
openmp,openmp_case_1,1,case1_N32_Re100_upwind_steps1000_p200,c_openmp_domain_vectorized,c,openmp_domain,vectorized,32,100,upwind,RBGS,1000.0,200.0,1.0,1,1.0,3.0,0.9031774923,0.9056988582,0.9059580863,1.0,0.9059580863,1.0,1.0,1.0,0.9059580863,,,,,
openmp,openmp_case_1,1,case1_N32_Re100_upwind_steps1000_p200,c_openmp_domain_vectorized,c,openmp_domain,vectorized,32,100,upwind,RBSOR,1000.0,200.0,1.0,1,1.0,3.0,0.5173513964,0.5196549383,0.5207439959000001,1.0,0.5207439959000001,1.0,1.0,1.0,0.5207439959000001,,,,,
openmp,openmp_case_1,1,case1_N32_Re100_upwind_steps1000_p200,cpp_openmp_domain_looped,cpp,openmp_domain,looped,32,100,upwind,RBGS,1000.0,200.0,1.0,1,1.0,3.0,1.140458535,1.145395639,1.14312128,1.0,1.14312128,1.0,1.0,1.0,1.14312128,,,,,
openmp,openmp_case_1,1,case1_N32_Re100_upwind_steps1000_p200,cpp_openmp_domain_looped,cpp,openmp_domain,looped,32,100,upwind,RBSOR,1000.0,200.0,1.0,1,1.0,3.0,0.6739010401000001,0.6769549039,0.6747143939,1.0,0.6747143939,1.0,1.0,1.0,0.6747143939,,,,,
openmp,openmp_case_1,1,case1_N32_Re100_upwind_steps1000_p200,cpp_openmp_domain_vectorized,cpp,openmp_domain,vectorized,32,100,upwind,RBGS,1000.0,200.0,1.0,1,1.0,3.0,0.9018642493000001,0.9031281012000001,0.9021064043000001,1.0,0.9021064043000001,1.0,1.0,1.0,0.9021064043000001,,,,,
openmp,openmp_case_1,1,case1_N32_Re100_upwind_steps1000_p200,cpp_openmp_domain_vectorized,cpp,openmp_domain,vectorized,32,100,upwind,RBSOR,1000.0,200.0,1.0,1,1.0,3.0,0.5182533078,0.5193866839,0.5189073347,1.0,0.5189073347,1.0,1.0,1.0,0.5189073347,,,,,
openmp,openmp_case_2,2,case1_N32_Re100_central_steps1000_p200,c_openmp_domain_looped,c,openmp_domain,looped,32,100,central,RBGS,1000.0,200.0,1.0,1,1.0,3.0,1.13337807,1.144092898,1.1408992709999999,1.0,1.1408992709999999,1.0,1.0,1.0,1.1408992709999999,,,,,
openmp,openmp_case_2,2,case1_N32_Re100_central_steps1000_p200,c_openmp_domain_looped,c,openmp_domain,looped,32,100,central,RBSOR,1000.0,200.0,1.0,1,1.0,3.0,0.6691173762,0.674124226,0.673324503,1.0,0.673324503,1.0,1.0,1.0,0.673324503,,,,,
openmp,openmp_case_2,2,case1_N32_Re100_central_steps1000_p200,c_openmp_domain_vectorized,c,openmp_domain,vectorized,32,100,central,RBGS,1000.0,200.0,1.0,1,1.0,3.0,0.8942263051999999,0.8966770829999999,0.8977954498999999,1.0,0.8977954498999999,1.0,1.0,1.0,0.8977954498999999,,,,,
openmp,openmp_case_2,2,case1_N32_Re100_central_steps1000_p200,c_openmp_domain_vectorized,c,openmp_domain,vectorized,32,100,central,RBSOR,1000.0,200.0,1.0,1,1.0,3.0,0.5046789161999999,0.5050548663000001,0.5050293431,1.0,0.5050293431,1.0,1.0,1.0,0.5050293431,,,,,
openmp,openmp_case_2,2,case1_N32_Re100_central_steps1000_p200,cpp_openmp_domain_looped,cpp,openmp_domain,looped,32,100,central,RBGS,1000.0,200.0,1.0,1,1.0,3.0,1.12939493,1.131130343,1.1307642390000001,1.0,1.1307642390000001,1.0,1.0,1.0,1.1307642390000001,,,,,
openmp,openmp_case_2,2,case1_N32_Re100_central_steps1000_p200,cpp_openmp_domain_looped,cpp,openmp_domain,looped,32,100,central,RBSOR,1000.0,200.0,1.0,1,1.0,3.0,0.66520679,0.6660298382000001,0.6657766998,1.0,0.6657766998,1.0,1.0,1.0,0.6657766998,,,,,
openmp,openmp_case_2,2,case1_N32_Re100_central_steps1000_p200,cpp_openmp_domain_vectorized,cpp,openmp_domain,vectorized,32,100,central,RBGS,1000.0,200.0,1.0,1,1.0,3.0,0.893013265,0.8959108379999999,0.8953196070999999,1.0,0.8953196070999999,1.0,1.0,1.0,0.8953196070999999,,,,,
openmp,openmp_case_2,2,case1_N32_Re100_central_steps1000_p200,cpp_openmp_domain_vectorized,cpp,openmp_domain,vectorized,32,100,central,RBSOR,1000.0,200.0,1.0,1,1.0,3.0,0.5046291761,0.505399391,0.5055801533,1.0,0.5055801533,1.0,1.0,1.0,0.5055801533,,,,,
openmp,openmp_case_3,3,case1_N32_Re400_upwind_steps1000_p200,c_openmp_domain_looped,c,openmp_domain,looped,32,400,upwind,RBGS,1000.0,200.0,1.0,1,1.0,3.0,1.08661972,1.089022372,1.089502711,1.0,1.089502711,1.0,1.0,1.0,1.089502711,,,,,
openmp,openmp_case_3,3,case1_N32_Re400_upwind_steps1000_p200,c_openmp_domain_looped,c,openmp_domain,looped,32,400,upwind,RBSOR,1000.0,200.0,1.0,1,1.0,3.0,0.6502219886,0.6561629586,0.6532900110000001,1.0,0.6532900110000001,1.0,1.0,1.0,0.6532900110000001,,,,,
openmp,openmp_case_3,3,case1_N32_Re400_upwind_steps1000_p200,c_openmp_domain_vectorized,c,openmp_domain,vectorized,32,400,upwind,RBGS,1000.0,200.0,1.0,1,1.0,3.0,0.8600063323999999,0.8627955914000001,0.8632202073999999,1.0,0.8632202073999999,1.0,1.0,1.0,0.8632202073999999,,,,,
openmp,openmp_case_3,3,case1_N32_Re400_upwind_steps1000_p200,c_openmp_domain_vectorized,c,openmp_domain,vectorized,32,400,upwind,RBSOR,1000.0,200.0,1.0,1,1.0,3.0,0.49906503409999997,0.5006586822,0.49906596909999995,1.0,0.49906596909999995,1.0,1.0,1.0,0.49906596909999995,,,,,
openmp,openmp_case_3,3,case1_N32_Re400_upwind_steps1000_p200,cpp_openmp_domain_looped,cpp,openmp_domain,looped,32,400,upwind,RBGS,1000.0,200.0,1.0,1,1.0,3.0,1.086817626,1.0975223459999999,1.088866394,1.0,1.088866394,1.0,1.0,1.0,1.088866394,,,,,
openmp,openmp_case_3,3,case1_N32_Re400_upwind_steps1000_p200,cpp_openmp_domain_looped,cpp,openmp_domain,looped,32,400,upwind,RBSOR,1000.0,200.0,1.0,1,1.0,3.0,0.6500772871,0.6546456727000001,0.6537090465,1.0,0.6537090465,1.0,1.0,1.0,0.6537090465,,,,,
openmp,openmp_case_3,3,case1_N32_Re400_upwind_steps1000_p200,cpp_openmp_domain_vectorized,cpp,openmp_domain,vectorized,32,400,upwind,RBGS,1000.0,200.0,1.0,1,1.0,3.0,0.8597560786,0.8606517228,0.860608615,1.0,0.860608615,1.0,1.0,1.0,0.860608615,,,,,
openmp,openmp_case_3,3,case1_N32_Re400_upwind_steps1000_p200,cpp_openmp_domain_vectorized,cpp,openmp_domain,vectorized,32,400,upwind,RBSOR,1000.0,200.0,1.0,1,1.0,3.0,0.4972805046,0.4983322173,0.49777191130000004,1.0,0.49777191130000004,1.0,1.0,1.0,0.49777191130000004,,,,,
openmp,openmp_case_4,4,case1_N32_Re400_central_steps1000_p200,c_openmp_domain_looped,c,openmp_domain,looped,32,400,central,RBGS,1000.0,200.0,1.0,1,1.0,3.0,1.059764329,1.0645488220000001,1.065052651,1.0,1.065052651,1.0,1.0,1.0,1.065052651,,,,,
openmp,openmp_case_4,4,case1_N32_Re400_central_steps1000_p200,c_openmp_domain_looped,c,openmp_domain,looped,32,400,central,RBSOR,1000.0,200.0,1.0,1,1.0,3.0,0.6216503344,0.6238737292000001,0.6234331354,1.0,0.6234331354,1.0,1.0,1.0,0.6234331354,,,,,
openmp,openmp_case_4,4,case1_N32_Re400_central_steps1000_p200,c_openmp_domain_vectorized,c,openmp_domain,vectorized,32,400,central,RBGS,1000.0,200.0,1.0,1,1.0,3.0,0.832354933,0.8383107359,0.8394696824,1.0,0.8394696824,1.0,1.0,1.0,0.8394696824,,,,,
openmp,openmp_case_4,4,case1_N32_Re400_central_steps1000_p200,c_openmp_domain_vectorized,c,openmp_domain,vectorized,32,400,central,RBSOR,1000.0,200.0,1.0,1,1.0,3.0,0.470267728,0.4734344656,0.4732439965,1.0,0.4732439965,1.0,1.0,1.0,0.4732439965,,,,,
openmp,openmp_case_4,4,case1_N32_Re400_central_steps1000_p200,cpp_openmp_domain_looped,cpp,openmp_domain,looped,32,400,central,RBGS,1000.0,200.0,1.0,1,1.0,3.0,1.0601689440000002,1.0620423829999999,1.062371865,1.0,1.062371865,1.0,1.0,1.0,1.062371865,,,,,
openmp,openmp_case_4,4,case1_N32_Re400_central_steps1000_p200,cpp_openmp_domain_looped,cpp,openmp_domain,looped,32,400,central,RBSOR,1000.0,200.0,1.0,1,1.0,3.0,0.6206803806,0.6209946163000001,0.6207040361999999,1.0,0.6207040361999999,1.0,1.0,1.0,0.6207040361999999,,,,,
openmp,openmp_case_4,4,case1_N32_Re400_central_steps1000_p200,cpp_openmp_domain_vectorized,cpp,openmp_domain,vectorized,32,400,central,RBGS,1000.0,200.0,1.0,1,1.0,3.0,0.8341174981999999,0.8352027411,0.8352101594,1.0,0.8352101594,1.0,1.0,1.0,0.8352101594,,,,,
openmp,openmp_case_4,4,case1_N32_Re400_central_steps1000_p200,cpp_openmp_domain_vectorized,cpp,openmp_domain,vectorized,32,400,central,RBSOR,1000.0,200.0,1.0,1,1.0,3.0,0.4705480449,0.4712189349,0.4714748152,1.0,0.4714748152,1.0,1.0,1.0,0.4714748152,,,,,
openmp,openmp_case_5,5,case1_N32_Re1000_upwind_steps2000_p250,c_openmp_domain_looped,c,openmp_domain,looped,32,1000,upwind,RBGS,2000.0,250.0,1.0,1,1.0,3.0,0.8449923769,0.8478183945000001,0.8461786211,1.0,0.8461786211,1.0,1.0,1.0,0.8461786211,,,,,
openmp,openmp_case_5,5,case1_N32_Re1000_upwind_steps2000_p250,c_openmp_domain_looped,c,openmp_domain,looped,32,1000,upwind,RBSOR,2000.0,250.0,1.0,1,1.0,3.0,0.5493187307999999,0.5534108715,0.5497928075,1.0,0.5497928075,1.0,1.0,1.0,0.5497928075,,,,,
openmp,openmp_case_5,5,case1_N32_Re1000_upwind_steps2000_p250,c_openmp_domain_vectorized,c,openmp_domain,vectorized,32,1000,upwind,RBGS,2000.0,250.0,1.0,1,1.0,3.0,0.6602129004999999,0.6637471095,0.6605198718999999,1.0,0.6605198718999999,1.0,1.0,1.0,0.6605198718999999,,,,,
openmp,openmp_case_5,5,case1_N32_Re1000_upwind_steps2000_p250,c_openmp_domain_vectorized,c,openmp_domain,vectorized,32,1000,upwind,RBSOR,2000.0,250.0,1.0,1,1.0,3.0,0.4132394008,0.41429949299999996,0.41445448619999997,1.0,0.41445448619999997,1.0,1.0,1.0,0.41445448619999997,,,,,
openmp,openmp_case_5,5,case1_N32_Re1000_upwind_steps2000_p250,cpp_openmp_domain_looped,cpp,openmp_domain,looped,32,1000,upwind,RBGS,2000.0,250.0,1.0,1,1.0,3.0,0.8480188920999999,0.8510976223000001,0.8506225608,1.0,0.8506225608,1.0,1.0,1.0,0.8506225608,,,,,
openmp,openmp_case_5,5,case1_N32_Re1000_upwind_steps2000_p250,cpp_openmp_domain_looped,cpp,openmp_domain,looped,32,1000,upwind,RBSOR,2000.0,250.0,1.0,1,1.0,3.0,0.5499695651,0.5524041628,0.552117575,1.0,0.552117575,1.0,1.0,1.0,0.552117575,,,,,
openmp,openmp_case_5,5,case1_N32_Re1000_upwind_steps2000_p250,cpp_openmp_domain_vectorized,cpp,openmp_domain,vectorized,32,1000,upwind,RBGS,2000.0,250.0,1.0,1,1.0,3.0,0.6584198102000001,0.6622198683,0.6607771255,1.0,0.6607771255,1.0,1.0,1.0,0.6607771255,,,,,
openmp,openmp_case_5,5,case1_N32_Re1000_upwind_steps2000_p250,cpp_openmp_domain_vectorized,cpp,openmp_domain,vectorized,32,1000,upwind,RBSOR,2000.0,250.0,1.0,1,1.0,3.0,0.412851043,0.41500072179999997,0.41597163299999995,1.0,0.41597163299999995,1.0,1.0,1.0,0.41597163299999995,,,,,
openmp,openmp_case_6,6,case1_N32_Re1000_central_steps2000_p250,c_openmp_domain_looped,c,openmp_domain,looped,32,1000,central,RBGS,2000.0,250.0,1.0,1,1.0,3.0,0.6786731817,0.6795430145999999,0.6796261854000001,1.0,0.6796261854000001,1.0,1.0,1.0,0.6796261854000001,,,,,
openmp,openmp_case_6,6,case1_N32_Re1000_central_steps2000_p250,c_openmp_domain_looped,c,openmp_domain,looped,32,1000,central,RBSOR,2000.0,250.0,1.0,1,1.0,3.0,0.465864189,0.4664695946,0.4659053199,1.0,0.4659053199,1.0,1.0,1.0,0.4659053199,,,,,
openmp,openmp_case_6,6,case1_N32_Re1000_central_steps2000_p250,c_openmp_domain_vectorized,c,openmp_domain,vectorized,32,1000,central,RBGS,2000.0,250.0,1.0,1,1.0,3.0,0.5180573463,0.5195419340999999,0.5181814656,1.0,0.5181814656,1.0,1.0,1.0,0.5181814656,,,,,
openmp,openmp_case_6,6,case1_N32_Re1000_central_steps2000_p250,c_openmp_domain_vectorized,c,openmp_domain,vectorized,32,1000,central,RBSOR,2000.0,250.0,1.0,1,1.0,3.0,0.3396176249,0.34094491479999994,0.3409692086,1.0,0.3409692086,1.0,1.0,1.0,0.3409692086,,,,,
openmp,openmp_case_6,6,case1_N32_Re1000_central_steps2000_p250,cpp_openmp_domain_looped,cpp,openmp_domain,looped,32,1000,central,RBGS,2000.0,250.0,1.0,1,1.0,3.0,0.6786981858,0.6910396963,0.6876408421,1.0,0.6876408421,1.0,1.0,1.0,0.6876408421,,,,,
openmp,openmp_case_6,6,case1_N32_Re1000_central_steps2000_p250,cpp_openmp_domain_looped,cpp,openmp_domain,looped,32,1000,central,RBSOR,2000.0,250.0,1.0,1,1.0,3.0,0.4637822509,0.470187294,0.4686372764,1.0,0.4686372764,1.0,1.0,1.0,0.4686372764,,,,,
openmp,openmp_case_6,6,case1_N32_Re1000_central_steps2000_p250,cpp_openmp_domain_vectorized,cpp,openmp_domain,vectorized,32,1000,central,RBGS,2000.0,250.0,1.0,1,1.0,3.0,0.5170544349,0.5193556460000001,0.5187955834,1.0,0.5187955834,1.0,1.0,1.0,0.5187955834,,,,,
openmp,openmp_case_6,6,case1_N32_Re1000_central_steps2000_p250,cpp_openmp_domain_vectorized,cpp,openmp_domain,vectorized,32,1000,central,RBSOR,2000.0,250.0,1.0,1,1.0,3.0,0.3384106718,0.34392926590000006,0.33855352920000004,1.0,0.33855352920000004,1.0,1.0,1.0,0.33855352920000004,,,,,
openmp,openmp_case_7,7,case1_N64_Re100_upwind_steps1000_p200,c_openmp_domain_looped,c,openmp_domain,looped,64,100,upwind,RBGS,1000.0,200.0,4.0,1,4.0,3.0,3.747777302,3.781245792,3.7898725719999997,1.0,5.480535716,1.4461,0.361525,4.0,3.7898725719999997,,,,,
openmp,openmp_case_7,7,case1_N64_Re100_upwind_steps1000_p200,c_openmp_domain_looped,c,openmp_domain,looped,64,100,upwind,RBSOR,1000.0,200.0,4.0,1,4.0,3.0,2.558432128,2.6142896959999997,2.564845283,1.0,3.79780604,1.48072,0.370179,4.0,2.564845283,,,,,
openmp,openmp_case_7,7,case1_N64_Re100_upwind_steps1000_p200,c_openmp_domain_vectorized,c,openmp_domain,vectorized,64,100,upwind,RBGS,1000.0,200.0,2.0,1,2.0,3.0,3.5176128889999996,3.5315427639999997,3.5202891010000004,1.0,4.221672729,1.1992399999999999,0.5996199999999999,2.0,3.5202891010000004,,,,,
openmp,openmp_case_7,7,case1_N64_Re100_upwind_steps1000_p200,c_openmp_domain_vectorized,c,openmp_domain,vectorized,64,100,upwind,RBSOR,1000.0,200.0,2.0,1,2.0,3.0,2.3736351730000003,2.39230147,2.391640149,1.0,2.89021612,1.2084700000000002,0.604233,2.0,2.391640149,,,,,
openmp,openmp_case_7,7,case1_N64_Re100_upwind_steps1000_p200,cpp_openmp_domain_looped,cpp,openmp_domain,looped,64,100,upwind,RBGS,1000.0,200.0,4.0,1,4.0,3.0,3.8397637939999996,3.8621322439999997,3.8507601510000002,1.0,5.479928587000001,1.42308,0.355769,4.0,3.8507601510000002,,,,,
openmp,openmp_case_7,7,case1_N64_Re100_upwind_steps1000_p200,cpp_openmp_domain_looped,cpp,openmp_domain,looped,64,100,upwind,RBSOR,1000.0,200.0,4.0,1,4.0,3.0,2.486568212,2.501261584,2.501992352,1.0,3.799600475,1.51863,0.379657,4.0,2.501992352,,,,,
openmp,openmp_case_7,7,case1_N64_Re100_upwind_steps1000_p200,cpp_openmp_domain_vectorized,cpp,openmp_domain,vectorized,64,100,upwind,RBGS,1000.0,200.0,4.0,1,4.0,3.0,3.444137897,3.570934532,3.6318182610000003,1.0,4.22552279,1.16347,0.29086799999999996,4.0,3.6318182610000003,,,,,
openmp,openmp_case_7,7,case1_N64_Re100_upwind_steps1000_p200,cpp_openmp_domain_vectorized,cpp,openmp_domain,vectorized,64,100,upwind,RBSOR,1000.0,200.0,4.0,1,4.0,3.0,2.309310406,2.3612924680000003,2.348884679,1.0,2.889147729,1.23001,0.307502,4.0,2.348884679,,,,,
openmp,openmp_case_8,8,case1_N64_Re100_central_steps1000_p200,c_openmp_domain_looped,c,openmp_domain,looped,64,100,central,RBGS,1000.0,200.0,4.0,1,4.0,3.0,3.9040364739999998,3.9662058460000003,3.938102085,1.0,5.44570804,1.38283,0.345706,4.0,3.938102085,,,,,
openmp,openmp_case_8,8,case1_N64_Re100_central_steps1000_p200,c_openmp_domain_looped,c,openmp_domain,looped,64,100,central,RBSOR,1000.0,200.0,4.0,1,4.0,3.0,2.689974457,2.702620053,2.704589002,1.0,3.745619752,1.38491,0.34622800000000004,4.0,2.704589002,,,,,
openmp,openmp_case_8,8,case1_N64_Re100_central_steps1000_p200,c_openmp_domain_vectorized,c,openmp_domain,vectorized,64,100,central,RBGS,1000.0,200.0,2.0,1,2.0,3.0,3.4979699139999996,3.6337261730000003,3.512595024,1.0,4.184066802,1.19116,0.595581,2.0,3.512595024,,,,,
openmp,openmp_case_8,8,case1_N64_Re100_central_steps1000_p200,c_openmp_domain_vectorized,c,openmp_domain,vectorized,64,100,central,RBSOR,1000.0,200.0,2.0,1,2.0,3.0,2.375647865,2.458477162,2.382107887,1.0,2.853465408,1.19787,0.5989369999999999,2.0,2.382107887,,,,,
openmp,openmp_case_8,8,case1_N64_Re100_central_steps1000_p200,cpp_openmp_domain_looped,cpp,openmp_domain,looped,64,100,central,RBGS,1000.0,200.0,4.0,1,4.0,3.0,3.839133467,3.8640441460000003,3.873160753,1.0,5.436209865,1.4035600000000001,0.35089000000000004,4.0,3.873160753,,,,,
openmp,openmp_case_8,8,case1_N64_Re100_central_steps1000_p200,cpp_openmp_domain_looped,cpp,openmp_domain,looped,64,100,central,RBSOR,1000.0,200.0,4.0,1,4.0,3.0,2.598741397,2.608339842,2.599934366,1.0,3.748893928,1.44192,0.36048,4.0,2.599934366,,,,,
openmp,openmp_case_8,8,case1_N64_Re100_central_steps1000_p200,cpp_openmp_domain_vectorized,cpp,openmp_domain,vectorized,64,100,central,RBGS,1000.0,200.0,4.0,1,4.0,3.0,3.575447485,3.587755832,3.585261695,1.0,4.196369749,1.17045,0.292613,4.0,3.585261695,,,,,
openmp,openmp_case_8,8,case1_N64_Re100_central_steps1000_p200,cpp_openmp_domain_vectorized,cpp,openmp_domain,vectorized,64,100,central,RBSOR,1000.0,200.0,4.0,1,4.0,3.0,2.40901592,2.434660282,2.440797042,1.0,2.8462235739999997,1.1661,0.291526,4.0,2.440797042,,,,,
openmp,openmp_case_9,9,case1_N64_Re400_upwind_steps1000_p200,c_openmp_domain_looped,c,openmp_domain,looped,64,400,upwind,RBGS,1000.0,200.0,4.0,1,4.0,3.0,4.269029744,4.290315681,4.2827699589999995,1.0,5.777566928,1.34903,0.337256,4.0,4.2827699589999995,,,,,
openmp,openmp_case_9,9,case1_N64_Re400_upwind_steps1000_p200,c_openmp_domain_looped,c,openmp_domain,looped,64,400,upwind,RBSOR,1000.0,200.0,4.0,1,4.0,3.0,2.711558316,2.7635193460000003,2.784244891,1.0,3.8819445260000003,1.39425,0.348563,4.0,2.784244891,,,,,
openmp,openmp_case_9,9,case1_N64_Re400_upwind_steps1000_p200,c_openmp_domain_vectorized,c,openmp_domain,vectorized,64,400,upwind,RBGS,1000.0,200.0,2.0,1,2.0,3.0,3.709808785,3.7321300839999996,3.734069761,1.0,4.472243518,1.19769,0.598843,2.0,3.734069761,,,,,
openmp,openmp_case_9,9,case1_N64_Re400_upwind_steps1000_p200,c_openmp_domain_vectorized,c,openmp_domain,vectorized,64,400,upwind,RBSOR,1000.0,200.0,4.0,1,4.0,3.0,2.520505741,2.538791496,2.536307201,1.0,2.9646484930000003,1.16888,0.292221,4.0,2.536307201,,,,,
openmp,openmp_case_9,9,case1_N64_Re400_upwind_steps1000_p200,cpp_openmp_domain_looped,cpp,openmp_domain,looped,64,400,upwind,RBGS,1000.0,200.0,4.0,1,4.0,3.0,4.083055876,4.092401907,4.096426085,1.0,5.781729814,1.41141,0.352852,4.0,4.096426085,,,,,
openmp,openmp_case_9,9,case1_N64_Re400_upwind_steps1000_p200,cpp_openmp_domain_looped,cpp,openmp_domain,looped,64,400,upwind,RBSOR,1000.0,200.0,4.0,1,4.0,3.0,2.635429025,2.67077461,2.676339805,1.0,3.893415693,1.45475,0.363688,4.0,2.676339805,,,,,
openmp,openmp_case_9,9,case1_N64_Re400_upwind_steps1000_p200,cpp_openmp_domain_vectorized,cpp,openmp_domain,vectorized,64,400,upwind,RBGS,1000.0,200.0,4.0,1,4.0,3.0,3.8152713510000003,3.823523756,3.822503723,1.0,4.461966522,1.16729,0.29182199999999997,4.0,3.822503723,,,,,
openmp,openmp_case_9,9,case1_N64_Re400_upwind_steps1000_p200,cpp_openmp_domain_vectorized,cpp,openmp_domain,vectorized,64,400,upwind,RBSOR,1000.0,200.0,4.0,1,4.0,3.0,2.475271348,2.5095088469999998,2.517022669,1.0,2.9611030780000003,1.1764299999999999,0.294108,4.0,2.517022669,,,,,
openmp,openmp_case_10,10,case1_N64_Re400_central_steps1000_p200,c_openmp_domain_looped,c,openmp_domain,looped,64,400,central,RBGS,1000.0,200.0,4.0,1,4.0,3.0,4.545579489,4.576063476,4.586842995,1.0,6.133329927999999,1.3371600000000001,0.334289,4.0,4.586842995,,,,,
openmp,openmp_case_10,10,case1_N64_Re400_central_steps1000_p200,c_openmp_domain_looped,c,openmp_domain,looped,64,400,central,RBSOR,1000.0,200.0,4.0,1,4.0,3.0,2.8848399710000003,2.892134008,2.892535538,1.0,3.9647184460000005,1.37067,0.342668,4.0,2.892535538,,,,,
openmp,openmp_case_10,10,case1_N64_Re400_central_steps1000_p200,c_openmp_domain_vectorized,c,openmp_domain,vectorized,64,400,central,RBGS,1000.0,200.0,2.0,1,2.0,3.0,3.9810921919999998,4.132106683,3.981467247,1.0,4.731324263,1.18834,0.594168,2.0,3.981467247,,,,,
openmp,openmp_case_10,10,case1_N64_Re400_central_steps1000_p200,c_openmp_domain_vectorized,c,openmp_domain,vectorized,64,400,central,RBSOR,1000.0,200.0,2.0,1,2.0,3.0,2.529283144,2.615030564,2.531896275,1.0,3.018505067,1.1921899999999999,0.596096,2.0,2.531896275,,,,,
openmp,openmp_case_10,10,case1_N64_Re400_central_steps1000_p200,cpp_openmp_domain_looped,cpp,openmp_domain,looped,64,400,central,RBGS,1000.0,200.0,4.0,1,4.0,3.0,4.361673038999999,4.39310865,4.396095872,1.0,6.144266717000001,1.3976600000000001,0.349416,4.0,4.396095872,,,,,
openmp,openmp_case_10,10,case1_N64_Re400_central_steps1000_p200,cpp_openmp_domain_looped,cpp,openmp_domain,looped,64,400,central,RBSOR,1000.0,200.0,4.0,1,4.0,3.0,2.67257015,2.740111433,2.7728835530000002,1.0,3.9635646980000003,1.4294,0.35735,4.0,2.7728835530000002,,,,,
openmp,openmp_case_10,10,case1_N64_Re400_central_steps1000_p200,cpp_openmp_domain_vectorized,cpp,openmp_domain,vectorized,64,400,central,RBGS,1000.0,200.0,4.0,1,4.0,3.0,3.931014691,4.037494514,4.088854764,1.0,4.740293831000001,1.1593200000000001,0.28983000000000003,4.0,4.088854764,,,,,
openmp,openmp_case_10,10,case1_N64_Re400_central_steps1000_p200,cpp_openmp_domain_vectorized,cpp,openmp_domain,vectorized,64,400,central,RBSOR,1000.0,200.0,2.0,1,2.0,3.0,2.580505282,2.594081859,2.589757744,1.0,3.016564544,1.1648100000000001,0.582403,2.0,2.589757744,,,,,
openmp,openmp_case_11,11,case1_N64_Re1000_upwind_steps2000_p250,c_openmp_domain_looped,c,openmp_domain,looped,64,1000,upwind,RBGS,2000.0,250.0,4.0,1,4.0,3.0,3.37001542,3.408771628,3.4130047969999997,1.0,4.755216327,1.39326,0.34831599999999996,4.0,3.4130047969999997,,,,,
openmp,openmp_case_11,11,case1_N64_Re1000_upwind_steps2000_p250,c_openmp_domain_looped,c,openmp_domain,looped,64,1000,upwind,RBSOR,2000.0,250.0,4.0,1,4.0,3.0,2.128027845,2.258904532,2.311604246,1.0,3.2286990839999996,1.3967399999999999,0.349184,4.0,2.311604246,,,,,
openmp,openmp_case_11,11,case1_N64_Re1000_upwind_steps2000_p250,c_openmp_domain_vectorized,c,openmp_domain,vectorized,64,1000,upwind,RBGS,2000.0,250.0,2.0,1,2.0,3.0,3.04423932,3.04934092,3.0458431580000003,1.0,3.647479232,1.19753,0.598763,2.0,3.0458431580000003,,,,,
openmp,openmp_case_11,11,case1_N64_Re1000_upwind_steps2000_p250,c_openmp_domain_vectorized,c,openmp_domain,vectorized,64,1000,upwind,RBSOR,2000.0,250.0,2.0,1,2.0,3.0,1.999333143,2.006028424,2.00194392,1.0,2.436716609,1.21718,0.608588,2.0,2.00194392,,,,,
openmp,openmp_case_11,11,case1_N64_Re1000_upwind_steps2000_p250,cpp_openmp_domain_looped,cpp,openmp_domain,looped,64,1000,upwind,RBGS,2000.0,250.0,4.0,1,4.0,3.0,3.189011153,3.259816023,3.287738558,1.0,4.754315577,1.44607,0.361519,4.0,3.287738558,,,,,
openmp,openmp_case_11,11,case1_N64_Re1000_upwind_steps2000_p250,cpp_openmp_domain_looped,cpp,openmp_domain,looped,64,1000,upwind,RBSOR,2000.0,250.0,4.0,1,4.0,3.0,2.102531914,2.129114038,2.108026784,1.0,3.2238276530000003,1.52931,0.382328,4.0,2.108026784,,,,,
openmp,openmp_case_11,11,case1_N64_Re1000_upwind_steps2000_p250,cpp_openmp_domain_vectorized,cpp,openmp_domain,vectorized,64,1000,upwind,RBGS,2000.0,250.0,4.0,1,4.0,3.0,2.9662187660000003,3.053680866,3.0795918810000003,1.0,3.645957578,1.18391,0.295977,4.0,3.0795918810000003,,,,,
openmp,openmp_case_11,11,case1_N64_Re1000_upwind_steps2000_p250,cpp_openmp_domain_vectorized,cpp,openmp_domain,vectorized,64,1000,upwind,RBSOR,2000.0,250.0,4.0,1,4.0,3.0,1.923250195,1.993325721,2.017353326,1.0,2.439206306,1.2091100000000001,0.30227800000000005,4.0,2.017353326,,,,,
openmp,openmp_case_12,12,case1_N64_Re1000_central_steps2000_p250,c_openmp_domain_looped,c,openmp_domain,looped,64,1000,central,RBGS,2000.0,250.0,4.0,1,4.0,3.0,3.8084708380000003,3.8580628960000003,3.86003866,1.0,5.221347354,1.35267,0.338167,4.0,3.86003866,,,,,
openmp,openmp_case_12,12,case1_N64_Re1000_central_steps2000_p250,c_openmp_domain_looped,c,openmp_domain,looped,64,1000,central,RBSOR,2000.0,250.0,4.0,1,4.0,3.0,2.329897746,2.3665403130000002,2.380709387,1.0,3.339897174,1.4029,0.350725,4.0,2.380709387,,,,,
openmp,openmp_case_12,12,case1_N64_Re1000_central_steps2000_p250,c_openmp_domain_vectorized,c,openmp_domain,vectorized,64,1000,central,RBGS,2000.0,250.0,2.0,1,2.0,3.0,3.380407564,3.5157855660000004,3.406688478,1.0,4.03064879,1.18316,0.591579,2.0,3.406688478,,,,,
openmp,openmp_case_12,12,case1_N64_Re1000_central_steps2000_p250,c_openmp_domain_vectorized,c,openmp_domain,vectorized,64,1000,central,RBSOR,2000.0,250.0,2.0,1,2.0,3.0,2.078182057,2.155521845,2.091488183,1.0,2.5098721790000003,1.20004,0.600021,2.0,2.091488183,,,,,
openmp,openmp_case_12,12,case1_N64_Re1000_central_steps2000_p250,cpp_openmp_domain_looped,cpp,openmp_domain,looped,64,1000,central,RBGS,2000.0,250.0,4.0,1,4.0,3.0,3.7026850660000004,3.724374803,3.730791066,1.0,5.237014156,1.40373,0.350932,4.0,3.730791066,,,,,
openmp,openmp_case_12,12,case1_N64_Re1000_central_steps2000_p250,cpp_openmp_domain_looped,cpp,openmp_domain,looped,64,1000,central,RBSOR,2000.0,250.0,4.0,1,4.0,3.0,2.2681162319999997,2.273463392,2.273404315,1.0,3.317613881,1.4593200000000002,0.364829,4.0,2.273404315,,,,,
openmp,openmp_case_12,12,case1_N64_Re1000_central_steps2000_p250,cpp_openmp_domain_vectorized,cpp,openmp_domain,vectorized,64,1000,central,RBGS,2000.0,250.0,4.0,1,4.0,3.0,3.4288329330000002,3.444361334,3.434510216,1.0,4.029093649,1.1731200000000002,0.29328000000000004,4.0,3.434510216,,,,,
openmp,openmp_case_12,12,case1_N64_Re1000_central_steps2000_p250,cpp_openmp_domain_vectorized,cpp,openmp_domain,vectorized,64,1000,central,RBSOR,2000.0,250.0,4.0,1,4.0,3.0,2.0764582380000003,2.112751905,2.119454641,1.0,2.510574836,1.18454,0.296135,4.0,2.119454641,,,,,
openmp,openmp_case_13,13,case1_N128_Re100_upwind_steps2500_p250,c_openmp_domain_looped,c,openmp_domain,looped,128,100,upwind,RBGS,2500.0,250.0,8.0,1,8.0,3.0,2.909351967,2.927791085,2.916777518,1.0,8.636768527000001,2.96107,0.370133,8.0,2.916777518,,,,,
openmp,openmp_case_13,13,case1_N128_Re100_upwind_steps2500_p250,c_openmp_domain_looped,c,openmp_domain,looped,128,100,upwind,RBSOR,2500.0,250.0,8.0,1,8.0,3.0,2.391463105,2.409098649,2.397728316,1.0,7.2406828029999994,3.0198099999999997,0.37747600000000003,8.0,2.397728316,,,,,
openmp,openmp_case_13,13,case1_N128_Re100_upwind_steps2500_p250,c_openmp_domain_vectorized,c,openmp_domain,vectorized,128,100,upwind,RBGS,2500.0,250.0,4.0,1,4.0,3.0,2.565047901,2.570668059,2.569861274,1.0,6.098912474,2.37325,0.5933109999999999,4.0,2.569861274,,,,,
openmp,openmp_case_13,13,case1_N128_Re100_upwind_steps2500_p250,c_openmp_domain_vectorized,c,openmp_domain,vectorized,128,100,upwind,RBSOR,2500.0,250.0,4.0,1,4.0,3.0,2.117613401,2.126934235,2.131114479,1.0,5.017954201,2.35462,0.588654,4.0,2.131114479,,,,,
openmp,openmp_case_13,13,case1_N128_Re100_upwind_steps2500_p250,cpp_openmp_domain_looped,cpp,openmp_domain,looped,128,100,upwind,RBGS,2500.0,250.0,8.0,1,8.0,3.0,2.98593488,3.001288733,3.000627782,1.0,8.687637225,2.89527,0.36190900000000004,8.0,3.000627782,,,,,
openmp,openmp_case_13,13,case1_N128_Re100_upwind_steps2500_p250,cpp_openmp_domain_looped,cpp,openmp_domain,looped,128,100,upwind,RBSOR,2500.0,250.0,8.0,1,8.0,3.0,2.379950933,2.434674189,2.446043257,1.0,7.282226752000001,2.97715,0.372143,8.0,2.446043257,,,,,
openmp,openmp_case_13,13,case1_N128_Re100_upwind_steps2500_p250,cpp_openmp_domain_vectorized,cpp,openmp_domain,vectorized,128,100,upwind,RBGS,2500.0,250.0,4.0,1,4.0,3.0,2.544397574,2.550011198,2.549544569,1.0,6.057654962000001,2.3759799999999998,0.5939939999999999,4.0,2.549544569,,,,,
openmp,openmp_case_13,13,case1_N128_Re100_upwind_steps2500_p250,cpp_openmp_domain_vectorized,cpp,openmp_domain,vectorized,128,100,upwind,RBSOR,2500.0,250.0,4.0,1,4.0,3.0,2.089516159,2.105277367,2.102166932,1.0,4.985250074,2.37148,0.59287,4.0,2.102166932,,,,,
openmp,openmp_case_14,14,case1_N128_Re100_central_steps2500_p250,c_openmp_domain_looped,c,openmp_domain,looped,128,100,central,RBGS,2500.0,250.0,8.0,1,8.0,3.0,8.826235816,8.8718898,8.842889897000001,1.0,24.25985526,2.74343,0.342929,8.0,8.842889897000001,,,,,
openmp,openmp_case_14,14,case1_N128_Re100_central_steps2500_p250,c_openmp_domain_looped,c,openmp_domain,looped,128,100,central,RBSOR,2500.0,250.0,8.0,1,8.0,3.0,7.283160482,7.362237101,7.289508857,1.0,20.14832966,2.76402,0.345502,8.0,7.289508857,,,,,
openmp,openmp_case_14,14,case1_N128_Re100_central_steps2500_p250,c_openmp_domain_vectorized,c,openmp_domain,vectorized,128,100,central,RBGS,2500.0,250.0,4.0,1,4.0,3.0,7.645336557,7.674134221,7.6799864620000005,1.0,18.09130534,2.35564,0.588911,4.0,7.6799864620000005,,,,,
openmp,openmp_case_14,14,case1_N128_Re100_central_steps2500_p250,c_openmp_domain_vectorized,c,openmp_domain,vectorized,128,100,central,RBSOR,2500.0,250.0,4.0,1,4.0,3.0,6.328189001,6.361543654,6.37708699,1.0,14.89896002,2.33633,0.584082,4.0,6.37708699,,,,,
openmp,openmp_case_14,14,case1_N128_Re100_central_steps2500_p250,cpp_openmp_domain_looped,cpp,openmp_domain,looped,128,100,central,RBGS,2500.0,250.0,8.0,1,8.0,3.0,8.91453813,8.990748803999999,8.983727578,1.0,24.43886118,2.72035,0.340043,8.0,8.983727578,,,,,
openmp,openmp_case_14,14,case1_N128_Re100_central_steps2500_p250,cpp_openmp_domain_looped,cpp,openmp_domain,looped,128,100,central,RBSOR,2500.0,250.0,8.0,1,8.0,3.0,6.997386351,7.250502267000001,7.370189152999999,1.0,20.23945496,2.74612,0.34326599999999996,8.0,7.370189152999999,,,,,
openmp,openmp_case_14,14,case1_N128_Re100_central_steps2500_p250,cpp_openmp_domain_vectorized,cpp,openmp_domain,vectorized,128,100,central,RBGS,2500.0,250.0,4.0,1,4.0,3.0,7.565527443,7.663811249,7.712416563,1.0,17.96231155,2.32901,0.582253,4.0,7.712416563,,,,,
openmp,openmp_case_14,14,case1_N128_Re100_central_steps2500_p250,cpp_openmp_domain_vectorized,cpp,openmp_domain,vectorized,128,100,central,RBSOR,2500.0,250.0,4.0,1,4.0,3.0,6.260804329,6.325118426,6.343441255,1.0,14.78328652,2.33048,0.582621,4.0,6.343441255,,,,,
openmp,openmp_case_15,15,case1_N128_Re400_upwind_steps2500_p250,c_openmp_domain_looped,c,openmp_domain,looped,128,400,upwind,RBGS,2500.0,250.0,4.0,1,4.0,3.0,9.602424141,9.64781257,9.615622647,1.0,26.43649763,2.74933,0.6873319999999999,4.0,9.615622647,,,,,
openmp,openmp_case_15,15,case1_N128_Re400_upwind_steps2500_p250,c_openmp_domain_looped,c,openmp_domain,looped,128,400,upwind,RBSOR,2500.0,250.0,8.0,1,8.0,3.0,7.046416964,7.099099777999999,7.104181747999999,1.0,20.70078785,2.9138900000000003,0.364236,8.0,7.104181747999999,,,,,
openmp,openmp_case_15,15,case1_N128_Re400_upwind_steps2500_p250,c_openmp_domain_vectorized,c,openmp_domain,vectorized,128,400,upwind,RBGS,2500.0,250.0,4.0,1,4.0,3.0,8.061995108,8.174122566,8.136725701,1.0,19.89769473,2.44542,0.611354,4.0,8.136725701,,,,,
openmp,openmp_case_15,15,case1_N128_Re400_upwind_steps2500_p250,c_openmp_domain_vectorized,c,openmp_domain,vectorized,128,400,upwind,RBSOR,2500.0,250.0,4.0,1,4.0,3.0,6.282575209,6.440964298,6.512649562000001,1.0,15.41902918,2.36755,0.591888,4.0,6.512649562000001,,,,,
openmp,openmp_case_15,15,case1_N128_Re400_upwind_steps2500_p250,cpp_openmp_domain_looped,cpp,openmp_domain,looped,128,400,upwind,RBGS,2500.0,250.0,4.0,1,4.0,3.0,9.873710524,9.954049175,9.920844894,1.0,26.58341128,2.67955,0.669888,4.0,9.920844894,,,,,
openmp,openmp_case_15,15,case1_N128_Re400_upwind_steps2500_p250,cpp_openmp_domain_looped,cpp,openmp_domain,looped,128,400,upwind,RBSOR,2500.0,250.0,8.0,1,8.0,3.0,7.3536748329999995,7.555183474,7.595322285,1.0,20.88032452,2.7491,0.343638,8.0,7.595322285,,,,,
openmp,openmp_case_15,15,case1_N128_Re400_upwind_steps2500_p250,cpp_openmp_domain_vectorized,cpp,openmp_domain,vectorized,128,400,upwind,RBGS,2500.0,250.0,4.0,1,4.0,3.0,8.12566106,8.252797102999999,8.200185983999999,1.0,19.74916463,2.4083799999999997,0.6020949999999999,4.0,8.200185983999999,,,,,
openmp,openmp_case_15,15,case1_N128_Re400_upwind_steps2500_p250,cpp_openmp_domain_vectorized,cpp,openmp_domain,vectorized,128,400,upwind,RBSOR,2500.0,250.0,4.0,1,4.0,3.0,6.243205305,6.280742844,6.280290727000001,1.0,15.30320415,2.4367,0.609176,4.0,6.280290727000001,,,,,
openmp,openmp_case_16,16,case1_N128_Re400_central_steps2500_p250,c_openmp_domain_looped,c,openmp_domain,looped,128,400,central,RBGS,2500.0,250.0,8.0,1,8.0,3.0,10.17843034,10.27881614,10.22232213,1.0,27.76169807,2.71579,0.339474,8.0,10.22232213,,,,,
openmp,openmp_case_16,16,case1_N128_Re400_central_steps2500_p250,c_openmp_domain_looped,c,openmp_domain,looped,128,400,central,RBSOR,2500.0,250.0,8.0,1,8.0,3.0,7.6431899670000005,7.68961629,7.679653991,1.0,21.17926186,2.7578400000000003,0.34473000000000004,8.0,7.679653991,,,,,
openmp,openmp_case_16,16,case1_N128_Re400_central_steps2500_p250,c_openmp_domain_vectorized,c,openmp_domain,vectorized,128,400,central,RBGS,2500.0,250.0,4.0,1,4.0,3.0,8.829882677999999,8.909656886,8.935350403,1.0,20.77866741,2.32545,0.581361,4.0,8.935350403,,,,,
openmp,openmp_case_16,16,case1_N128_Re400_central_steps2500_p250,c_openmp_domain_vectorized,c,openmp_domain,vectorized,128,400,central,RBSOR,2500.0,250.0,4.0,1,4.0,3.0,6.611727789,6.667517501,6.687667772,1.0,15.68804106,2.3458200000000002,0.586454,4.0,6.687667772,,,,,
openmp,openmp_case_16,16,case1_N128_Re400_central_steps2500_p250,cpp_openmp_domain_looped,cpp,openmp_domain,looped,128,400,central,RBGS,2500.0,250.0,8.0,1,8.0,3.0,10.14539618,10.312884,10.22442159,1.0,27.97791507,2.73638,0.342048,8.0,10.22442159,,,,,
openmp,openmp_case_16,16,case1_N128_Re400_central_steps2500_p250,cpp_openmp_domain_looped,cpp,openmp_domain,looped,128,400,central,RBSOR,2500.0,250.0,8.0,1,8.0,3.0,7.66399711,7.70348625,7.694795925,1.0,21.330081200000002,2.77201,0.346502,8.0,7.694795925,,,,,
openmp,openmp_case_16,16,case1_N128_Re400_central_steps2500_p250,cpp_openmp_domain_vectorized,cpp,openmp_domain,vectorized,128,400,central,RBGS,2500.0,250.0,4.0,1,4.0,3.0,8.717660852,8.760193138,8.728758108,1.0,20.62879646,2.36331,0.590829,4.0,8.728758108,,,,,
openmp,openmp_case_16,16,case1_N128_Re400_central_steps2500_p250,cpp_openmp_domain_vectorized,cpp,openmp_domain,vectorized,128,400,central,RBSOR,2500.0,250.0,4.0,1,4.0,3.0,6.592060298,6.65042553,6.626934297000001,1.0,15.55830516,2.34774,0.5869340000000001,4.0,6.626934297000001,,,,,
openmp,openmp_case_17,17,case1_N128_Re1000_upwind_steps4000_p300,c_openmp_domain_looped,c,openmp_domain,looped,128,1000,upwind,RBGS,4000.0,300.0,8.0,1,8.0,3.0,8.057069495,8.402147756,8.42947742,1.0,23.41471653,2.77772,0.347215,8.0,8.42947742,,,,,
openmp,openmp_case_17,17,case1_N128_Re1000_upwind_steps4000_p300,c_openmp_domain_looped,c,openmp_domain,looped,128,1000,upwind,RBSOR,4000.0,300.0,8.0,1,8.0,3.0,6.014535211,6.189345392000001,6.07217636,1.0,17.53902633,2.88843,0.361053,8.0,6.07217636,,,,,
openmp,openmp_case_17,17,case1_N128_Re1000_upwind_steps4000_p300,c_openmp_domain_vectorized,c,openmp_domain,vectorized,128,1000,upwind,RBGS,4000.0,300.0,4.0,1,4.0,3.0,7.149232104,7.458749622999999,7.541792002,1.0,17.54550866,2.3264400000000003,0.581609,4.0,7.541792002,,,,,
openmp,openmp_case_17,17,case1_N128_Re1000_upwind_steps4000_p300,c_openmp_domain_vectorized,c,openmp_domain,vectorized,128,1000,upwind,RBSOR,4000.0,300.0,4.0,1,4.0,3.0,5.323235471,5.446186107999999,5.504435743999999,1.0,13.00019801,2.36177,0.590442,4.0,5.504435743999999,,,,,
openmp,openmp_case_17,17,case1_N128_Re1000_upwind_steps4000_p300,cpp_openmp_domain_looped,cpp,openmp_domain,looped,128,1000,upwind,RBGS,4000.0,300.0,8.0,1,8.0,3.0,8.486880444,8.577598318,8.60579212,1.0,23.59325631,2.7415599999999998,0.342694,8.0,8.60579212,,,,,
openmp,openmp_case_17,17,case1_N128_Re1000_upwind_steps4000_p300,cpp_openmp_domain_looped,cpp,openmp_domain,looped,128,1000,upwind,RBSOR,4000.0,300.0,8.0,1,8.0,3.0,6.0481806360000006,6.300935431,6.385841257999999,1.0,17.7264822,2.7759,0.346988,8.0,6.385841257999999,,,,,
openmp,openmp_case_17,17,case1_N128_Re1000_upwind_steps4000_p300,cpp_openmp_domain_vectorized,cpp,openmp_domain,vectorized,128,1000,upwind,RBGS,4000.0,300.0,4.0,1,4.0,3.0,7.349077422000001,7.404106465,7.422452953,1.0,17.41957996,2.34688,0.586719,4.0,7.422452953,,,,,
openmp,openmp_case_17,17,case1_N128_Re1000_upwind_steps4000_p300,cpp_openmp_domain_vectorized,cpp,openmp_domain,vectorized,128,1000,upwind,RBSOR,4000.0,300.0,4.0,1,4.0,3.0,5.294038575,5.3748978020000004,5.310895611,1.0,12.90278567,2.42949,0.6073729999999999,4.0,5.310895611,,,,,
openmp,openmp_case_18,18,case1_N128_Re1000_central_steps4000_p300,c_openmp_domain_looped,c,openmp_domain,looped,128,1000,central,RBGS,4000.0,300.0,8.0,1,8.0,3.0,9.105339982,9.296986462000001,9.131152965,1.0,26.23259224,2.8728700000000003,0.359108,8.0,9.131152965,,,,,
openmp,openmp_case_18,18,case1_N128_Re1000_central_steps4000_p300,c_openmp_domain_looped,c,openmp_domain,looped,128,1000,central,RBSOR,4000.0,300.0,8.0,1,8.0,3.0,6.761168867,6.826789269,6.782704029,1.0,18.70699416,2.7580400000000003,0.34475500000000003,8.0,6.782704029,,,,,
openmp,openmp_case_18,18,case1_N128_Re1000_central_steps4000_p300,c_openmp_domain_vectorized,c,openmp_domain,vectorized,128,1000,central,RBGS,4000.0,300.0,4.0,1,4.0,3.0,8.029313795,8.290593219,8.387776042999999,1.0,19.62124355,2.33927,0.584817,4.0,8.387776042999999,,,,,
openmp,openmp_case_18,18,case1_N128_Re1000_central_steps4000_p300,c_openmp_domain_vectorized,c,openmp_domain,vectorized,128,1000,central,RBSOR,4000.0,300.0,4.0,1,4.0,3.0,5.8627275039999995,5.876926346,5.883639748999999,1.0,13.77137334,2.34062,0.585155,4.0,5.883639748999999,,,,,
openmp,openmp_case_18,18,case1_N128_Re1000_central_steps4000_p300,cpp_openmp_domain_looped,cpp,openmp_domain,looped,128,1000,central,RBGS,4000.0,300.0,8.0,1,8.0,3.0,9.198939968,9.59017848,9.656067524,1.0,26.35706211,2.72959,0.341198,8.0,9.656067524,,,,,
openmp,openmp_case_18,18,case1_N128_Re1000_central_steps4000_p300,cpp_openmp_domain_looped,cpp,openmp_domain,looped,128,1000,central,RBSOR,4000.0,300.0,8.0,1,8.0,3.0,6.787543467999999,6.881537917,6.926459722000001,1.0,18.81099651,2.71582,0.339477,8.0,6.926459722000001,,,,,
openmp,openmp_case_18,18,case1_N128_Re1000_central_steps4000_p300,cpp_openmp_domain_vectorized,cpp,openmp_domain,vectorized,128,1000,central,RBGS,4000.0,300.0,4.0,1,4.0,3.0,7.998235188,8.180551093,8.188160378,1.0,19.47670608,2.3786400000000003,0.594661,4.0,8.188160378,,,,,
openmp,openmp_case_18,18,case1_N128_Re1000_central_steps4000_p300,cpp_openmp_domain_vectorized,cpp,openmp_domain,vectorized,128,1000,central,RBSOR,4000.0,300.0,4.0,1,4.0,3.0,5.88953805,5.905105391,5.890229054,1.0,13.66721814,2.32032,0.58008,4.0,5.890229054,,,,,
mpi,mpi_case_1,1,case1_N32_Re100_upwind_steps1000_p200,python_mpi_domain_looped,python,mpi_domain,looped,32,100,upwind,RBGS,1000.0,200.0,16.0,16,1.0,3.0,28.20134807,28.54591791,28.39836526,1.0,221.38064980000001,7.795539999999999,0.487221,16.0,28.39836526,,,,,
mpi,mpi_case_1,1,case1_N32_Re100_upwind_steps1000_p200,python_mpi_domain_looped,python,mpi_domain,looped,32,100,upwind,RBSOR,1000.0,200.0,16.0,16,1.0,3.0,14.09309506,14.17546558,14.10682416,1.0,112.5233281,7.97652,0.498532,16.0,14.10682416,,,,,
mpi,mpi_case_1,1,case1_N32_Re100_upwind_steps1000_p200,python_mpi_domain_vectorized,python,mpi_domain,vectorized,32,100,upwind,RBGS,1000.0,200.0,16.0,16,1.0,3.0,16.17465258,16.23045691,16.20583701,1.0,22.08607936,1.36285,0.0851779,16.0,16.20583701,,,,,
mpi,mpi_case_1,1,case1_N32_Re100_upwind_steps1000_p200,python_mpi_domain_vectorized,python,mpi_domain,vectorized,32,100,upwind,RBSOR,1000.0,200.0,16.0,16,1.0,3.0,7.963005066,7.971961896,7.965074778,1.0,10.73017168,1.34715,0.08419700000000001,16.0,7.965074778,,,,,
mpi,mpi_case_2,2,case1_N32_Re100_central_steps1000_p200,python_mpi_domain_looped,python,mpi_domain,looped,32,100,central,RBGS,1000.0,200.0,16.0,16,1.0,3.0,27.73742437,27.83504073,27.84794188,1.0,211.80673240000002,7.60583,0.475364,16.0,27.84794188,,,,,
mpi,mpi_case_2,2,case1_N32_Re100_central_steps1000_p200,python_mpi_domain_looped,python,mpi_domain,looped,32,100,central,RBSOR,1000.0,200.0,16.0,16,1.0,3.0,13.64907122,13.68240611,13.66002655,1.0,112.2039084,8.214030000000001,0.5133770000000001,16.0,13.66002655,,,,,
mpi,mpi_case_2,2,case1_N32_Re100_central_steps1000_p200,python_mpi_domain_vectorized,python,mpi_domain,vectorized,32,100,central,RBGS,1000.0,200.0,16.0,16,1.0,3.0,15.70784712,15.7258389,15.73407388,1.0,21.41371584,1.3609799999999999,0.08506110000000001,16.0,15.73407388,,,,,
mpi,mpi_case_2,2,case1_N32_Re100_central_steps1000_p200,python_mpi_domain_vectorized,python,mpi_domain,vectorized,32,100,central,RBSOR,1000.0,200.0,16.0,16,1.0,3.0,7.6891465189999995,7.71949927,7.734443665,1.0,10.33861852,1.3367,0.0835437,16.0,7.734443665,,,,,
mpi,mpi_case_3,3,case1_N32_Re400_upwind_steps1000_p200,python_mpi_domain_looped,python,mpi_domain,looped,32,400,upwind,RBGS,1000.0,200.0,16.0,16,1.0,3.0,22.47261119,22.62529755,22.52788663,1.0,181.1878479,8.042819999999999,0.502677,16.0,22.52788663,,,,,
mpi,mpi_case_3,3,case1_N32_Re400_upwind_steps1000_p200,python_mpi_domain_looped,python,mpi_domain,looped,32,400,upwind,RBSOR,1000.0,200.0,16.0,16,1.0,3.0,11.90080976,12.00146302,12.00167799,1.0,95.04090643,7.91897,0.494936,16.0,12.00167799,,,,,
mpi,mpi_case_3,3,case1_N32_Re400_upwind_steps1000_p200,python_mpi_domain_vectorized,python,mpi_domain,vectorized,32,400,upwind,RBGS,1000.0,200.0,16.0,16,1.0,3.0,12.75162292,12.81108363,12.83171535,1.0,17.32227945,1.34996,0.0843724,16.0,12.83171535,,,,,
mpi,mpi_case_3,3,case1_N32_Re400_upwind_steps1000_p200,python_mpi_domain_vectorized,python,mpi_domain,vectorized,32,400,upwind,RBSOR,1000.0,200.0,16.0,16,1.0,3.0,6.6010646820000005,6.617748578,6.605105639,1.0,9.012247324,1.3644399999999999,0.0852773,16.0,6.605105639,,,,,
mpi,mpi_case_4,4,case1_N32_Re400_central_steps1000_p200,python_mpi_domain_looped,python,mpi_domain,looped,32,400,central,RBGS,1000.0,200.0,16.0,16,1.0,3.0,20.41272664,20.75756041,20.9281621,1.0,165.0741842,7.88766,0.492979,16.0,20.9281621,,,,,
mpi,mpi_case_4,4,case1_N32_Re400_central_steps1000_p200,python_mpi_domain_looped,python,mpi_domain,looped,32,400,central,RBSOR,1000.0,200.0,16.0,16,1.0,3.0,10.86360264,10.94828312,10.96491933,1.0,88.03771543,8.02903,0.501815,16.0,10.96491933,,,,,
mpi,mpi_case_4,4,case1_N32_Re400_central_steps1000_p200,python_mpi_domain_vectorized,python,mpi_domain,vectorized,32,400,central,RBGS,1000.0,200.0,16.0,16,1.0,3.0,11.60056567,11.64321812,11.61197901,1.0,15.81962681,1.36235,0.0851471,16.0,11.61197901,,,,,
mpi,mpi_case_4,4,case1_N32_Re400_central_steps1000_p200,python_mpi_domain_vectorized,python,mpi_domain,vectorized,32,400,central,RBSOR,1000.0,200.0,16.0,16,1.0,3.0,5.982926846,6.005244096,5.997656107,1.0,7.994611025,1.3329600000000001,0.0833097,16.0,5.997656107,,,,,
mpi,mpi_case_5,5,case1_N32_Re1000_upwind_steps2000_p250,python_mpi_domain_looped,python,mpi_domain,looped,32,1000,upwind,RBGS,2000.0,250.0,16.0,16,1.0,3.0,25.777516600000002,26.04366843,25.97477889,1.0,206.86646130000003,7.96413,0.497758,16.0,25.97477889,,,,,
mpi,mpi_case_5,5,case1_N32_Re1000_upwind_steps2000_p250,python_mpi_domain_looped,python,mpi_domain,looped,32,1000,upwind,RBSOR,2000.0,250.0,16.0,16,1.0,3.0,15.71042776,15.93159668,15.98721027,1.0,130.5362115,8.16504,0.510315,16.0,15.98721027,,,,,
mpi,mpi_case_5,5,case1_N32_Re1000_upwind_steps2000_p250,python_mpi_domain_vectorized,python,mpi_domain,vectorized,32,1000,upwind,RBGS,2000.0,250.0,16.0,16,1.0,3.0,14.61928987,14.66060583,14.67165875,1.0,19.65339375,1.33955,0.08372180000000001,16.0,14.67165875,,,,,
mpi,mpi_case_5,5,case1_N32_Re1000_upwind_steps2000_p250,python_mpi_domain_vectorized,python,mpi_domain,vectorized,32,1000,upwind,RBSOR,2000.0,250.0,16.0,16,1.0,3.0,8.732845783,8.74708732,8.750581026,1.0,11.80211592,1.3487200000000001,0.0842952,16.0,8.750581026,,,,,
mpi,mpi_case_6,6,case1_N32_Re1000_central_steps2000_p250,python_mpi_domain_looped,python,mpi_domain,looped,32,1000,central,RBGS,2000.0,250.0,16.0,16,1.0,3.0,20.58343697,20.62954148,20.64765358,1.0,164.2195284,7.9534199999999995,0.49708900000000006,16.0,20.64765358,,,,,
mpi,mpi_case_6,6,case1_N32_Re1000_central_steps2000_p250,python_mpi_domain_looped,python,mpi_domain,looped,32,1000,central,RBSOR,2000.0,250.0,16.0,16,1.0,3.0,13.27611542,13.39637868,13.3088212,1.0,109.8057203,8.2506,0.515662,16.0,13.3088212,,,,,
mpi,mpi_case_6,6,case1_N32_Re1000_central_steps2000_p250,python_mpi_domain_vectorized,python,mpi_domain,vectorized,32,1000,central,RBGS,2000.0,250.0,16.0,16,1.0,3.0,11.43169427,11.47201276,11.44051099,1.0,15.24761057,1.33277,0.0832983,16.0,11.44051099,,,,,
mpi,mpi_case_6,6,case1_N32_Re1000_central_steps2000_p250,python_mpi_domain_vectorized,python,mpi_domain,vectorized,32,1000,central,RBSOR,2000.0,250.0,16.0,16,1.0,3.0,7.1893315310000006,7.218698422,7.229081869,1.0,9.670745611000001,1.33776,0.0836097,16.0,7.229081869,,,,,
mpi,mpi_case_7,7,case1_N64_Re100_upwind_steps1000_p200,python_mpi_domain_looped,python,mpi_domain,looped,64,100,upwind,RBGS,1000.0,200.0,16.0,16,1.0,3.0,109.57478119999999,110.2083679,109.6285388,1.0,1310.831833,11.957,0.747314,16.0,109.6285388,,,,,
mpi,mpi_case_7,7,case1_N64_Re100_upwind_steps1000_p200,python_mpi_domain_looped,python,mpi_domain,looped,64,100,upwind,RBSOR,1000.0,200.0,16.0,16,1.0,3.0,69.11885643,69.45875478,69.14942193,1.0,802.8392317,11.6102,0.725638,16.0,69.14942193,,,,,
mpi,mpi_case_7,7,case1_N64_Re100_upwind_steps1000_p200,python_mpi_domain_vectorized,python,mpi_domain,vectorized,64,100,upwind,RBGS,1000.0,200.0,16.0,16,1.0,3.0,27.20064425,27.23115015,27.23944736,1.0,70.19420147,2.57693,0.16105799999999998,16.0,27.23944736,,,,,
mpi,mpi_case_7,7,case1_N64_Re100_upwind_steps1000_p200,python_mpi_domain_vectorized,python,mpi_domain,vectorized,64,100,upwind,RBSOR,1000.0,200.0,16.0,16,1.0,3.0,16.97446179,17.00060193,16.98770809,1.0,43.55267954,2.56378,0.160236,16.0,16.98770809,,,,,
mpi,mpi_case_8,8,case1_N64_Re100_central_steps1000_p200,python_mpi_domain_looped,python,mpi_domain,looped,64,100,central,RBGS,1000.0,200.0,16.0,16,1.0,3.0,109.6511114,110.48294809999999,110.3187416,1.0,1318.488241,11.9516,0.746977,16.0,110.3187416,,,,,
mpi,mpi_case_8,8,case1_N64_Re100_central_steps1000_p200,python_mpi_domain_looped,python,mpi_domain,looped,64,100,central,RBSOR,1000.0,200.0,16.0,16,1.0,3.0,67.71354198,68.12443288,68.00879383,1.0,812.9535606000001,11.9537,0.747103,16.0,68.00879383,,,,,
mpi,mpi_case_8,8,case1_N64_Re100_central_steps1000_p200,python_mpi_domain_vectorized,python,mpi_domain,vectorized,64,100,central,RBGS,1000.0,200.0,16.0,16,1.0,3.0,26.83125901,26.94584084,26.97694802,1.0,69.4202807,2.5733200000000003,0.160832,16.0,26.97694802,,,,,
mpi,mpi_case_8,8,case1_N64_Re100_central_steps1000_p200,python_mpi_domain_vectorized,python,mpi_domain,vectorized,64,100,central,RBSOR,1000.0,200.0,16.0,16,1.0,3.0,16.62348342,16.66576934,16.667063,1.0,42.92093301,2.57519,0.16095,16.0,16.667063,,,,,
mpi,mpi_case_9,9,case1_N64_Re400_upwind_steps1000_p200,python_mpi_domain_looped,python,mpi_domain,looped,64,400,upwind,RBGS,1000.0,200.0,16.0,16,1.0,3.0,94.59370279,94.76152825,94.67967844,1.0,1098.1439460000001,11.5985,0.724907,16.0,94.67967844,,,,,
mpi,mpi_case_9,9,case1_N64_Re400_upwind_steps1000_p200,python_mpi_domain_looped,python,mpi_domain,looped,64,400,upwind,RBSOR,1000.0,200.0,16.0,16,1.0,3.0,58.33961678,58.39971232,58.42207336,1.0,701.6604792999999,12.0102,0.750637,16.0,58.42207336,,,,,
mpi,mpi_case_9,9,case1_N64_Re400_upwind_steps1000_p200,python_mpi_domain_vectorized,python,mpi_domain,vectorized,64,400,upwind,RBGS,1000.0,200.0,16.0,16,1.0,3.0,23.11719799,23.14747214,23.16238856,1.0,59.83755684,2.58339,0.161462,16.0,23.16238856,,,,,
mpi,mpi_case_9,9,case1_N64_Re400_upwind_steps1000_p200,python_mpi_domain_vectorized,python,mpi_domain,vectorized,64,400,upwind,RBSOR,1000.0,200.0,16.0,16,1.0,3.0,14.01825714,14.05005145,14.06269622,1.0,36.07425833,2.56524,0.160328,16.0,14.06269622,,,,,
mpi,mpi_case_10,10,case1_N64_Re400_central_steps1000_p200,python_mpi_domain_looped,python,mpi_domain,looped,64,400,central,RBGS,1000.0,200.0,16.0,16,1.0,3.0,95.92776966,96.71310163,96.23410344,1.0,1175.263831,12.2126,0.763284,16.0,96.23410344,,,,,
mpi,mpi_case_10,10,case1_N64_Re400_central_steps1000_p200,python_mpi_domain_looped,python,mpi_domain,looped,64,400,central,RBSOR,1000.0,200.0,16.0,16,1.0,3.0,56.86902428,57.12651626,57.06308436,1.0,681.7964165,11.9481,0.746757,16.0,57.06308436,,,,,
mpi,mpi_case_10,10,case1_N64_Re400_central_steps1000_p200,python_mpi_domain_vectorized,python,mpi_domain,vectorized,64,400,central,RBGS,1000.0,200.0,16.0,16,1.0,3.0,23.42143726,23.44862866,23.45391726,1.0,60.33484101,2.57248,0.16078,16.0,23.45391726,,,,,
mpi,mpi_case_10,10,case1_N64_Re400_central_steps1000_p200,python_mpi_domain_vectorized,python,mpi_domain,vectorized,64,400,central,RBSOR,1000.0,200.0,16.0,16,1.0,3.0,13.804898499999998,13.81214348,13.80937934,1.0,35.38250089,2.56221,0.160138,16.0,13.80937934,,,,,
mpi,mpi_case_11,11,case1_N64_Re1000_upwind_steps2000_p250,python_mpi_domain_looped,python,mpi_domain,looped,64,1000,upwind,RBGS,2000.0,250.0,16.0,16,1.0,3.0,116.9257176,117.45322859999999,117.62773179999999,1.0,1367.0693720000002,11.622,0.726375,16.0,117.62773179999999,,,,,
mpi,mpi_case_11,11,case1_N64_Re1000_upwind_steps2000_p250,python_mpi_domain_looped,python,mpi_domain,looped,64,1000,upwind,RBSOR,2000.0,250.0,16.0,16,1.0,3.0,77.42828298,77.54192011,77.53086948,1.0,963.1972066999999,12.4234,0.776463,16.0,77.53086948,,,,,
mpi,mpi_case_11,11,case1_N64_Re1000_upwind_steps2000_p250,python_mpi_domain_vectorized,python,mpi_domain,vectorized,64,1000,upwind,RBGS,2000.0,250.0,16.0,16,1.0,3.0,28.73458433,28.76313694,28.76331282,1.0,74.0602355,2.57482,0.16092599999999999,16.0,28.76331282,,,,,
mpi,mpi_case_11,11,case1_N64_Re1000_upwind_steps2000_p250,python_mpi_domain_vectorized,python,mpi_domain,vectorized,64,1000,upwind,RBSOR,2000.0,250.0,16.0,16,1.0,3.0,18.37811732,18.40614986,18.40635371,1.0,47.06137252,2.5568,0.1598,16.0,18.40635371,,,,,
mpi,mpi_case_12,12,case1_N64_Re1000_central_steps2000_p250,python_mpi_domain_looped,python,mpi_domain,looped,64,1000,central,RBGS,2000.0,250.0,16.0,16,1.0,3.0,131.9205234,133.1529115,133.2877743,1.0,1557.593077,11.6859,0.730371,16.0,133.2877743,,,,,
mpi,mpi_case_12,12,case1_N64_Re1000_central_steps2000_p250,python_mpi_domain_looped,python,mpi_domain,looped,64,1000,central,RBSOR,2000.0,250.0,16.0,16,1.0,3.0,79.31944561,80.83820637,81.32203317,1.0,938.9941031999999,11.5466,0.721663,16.0,81.32203317,,,,,
mpi,mpi_case_12,12,case1_N64_Re1000_central_steps2000_p250,python_mpi_domain_vectorized,python,mpi_domain,vectorized,64,1000,central,RBGS,2000.0,250.0,16.0,16,1.0,3.0,32.17399502,32.21493165,32.21647263,1.0,83.08071756,2.57883,0.161177,16.0,32.21647263,,,,,
mpi,mpi_case_12,12,case1_N64_Re1000_central_steps2000_p250,python_mpi_domain_vectorized,python,mpi_domain,vectorized,64,1000,central,RBSOR,2000.0,250.0,16.0,16,1.0,3.0,19.24970675,19.30985395,19.32176948,1.0,49.41563225,2.5575099999999997,0.159844,16.0,19.32176948,,,,,
mpi,mpi_case_13,13,case1_N128_Re100_upwind_steps2500_p250,,python,,,128,100,upwind,,,,,16,,,,,,,,,,,,8.0,1417.380660504113,1281.9300027275044,210.91074252130002,3009.1954729557
mpi,mpi_case_14,14,case1_N128_Re100_central_steps2500_p250,python_mpi_domain_looped,python,mpi_domain,looped,128,100,central,RBGS,2500.0,250.0,16.0,16,1.0,3.0,587.6032822000001,593.1098208,594.5368824,1.0,8292.554608,13.9479,0.8717450000000001,16.0,594.5368824,,,,,
mpi,mpi_case_14,14,case1_N128_Re100_central_steps2500_p250,python_mpi_domain_looped,python,mpi_domain,looped,128,100,central,RBSOR,2500.0,250.0,16.0,16,1.0,3.0,488.359376,493.32750189999996,492.92038679999996,1.0,6882.455436,13.9626,0.872663,16.0,492.92038679999996,,,,,
mpi,mpi_case_14,14,case1_N128_Re100_central_steps2500_p250,python_mpi_domain_vectorized,python,mpi_domain,vectorized,128,100,central,RBGS,2500.0,250.0,16.0,16,1.0,3.0,56.59249377,56.64207681,56.6145885,1.0,351.2060993,6.20346,0.387716,16.0,56.6145885,,,,,
mpi,mpi_case_14,14,case1_N128_Re100_central_steps2500_p250,python_mpi_domain_vectorized,python,mpi_domain,vectorized,128,100,central,RBSOR,2500.0,250.0,16.0,16,1.0,3.0,46.59741139,46.734010299999994,46.70174122,1.0,282.4529185,6.048019999999999,0.37800100000000003,16.0,46.70174122,,,,,
mpi,mpi_case_15,15,case1_N128_Re400_upwind_steps2500_p250,python_mpi_domain_looped,python,mpi_domain,looped,128,400,upwind,RBGS,2500.0,250.0,16.0,16,1.0,3.0,684.4847097,687.5914946,688.6817593999999,1.0,9727.23138,14.1244,0.882776,16.0,688.6817593999999,,,,,
mpi,mpi_case_15,15,case1_N128_Re400_upwind_steps2500_p250,python_mpi_domain_looped,python,mpi_domain,looped,128,400,upwind,RBSOR,2500.0,250.0,16.0,16,1.0,3.0,540.1789775000001,542.7605826,541.1987312000001,1.0,7312.434615000001,13.5116,0.8444719999999999,16.0,541.1987312000001,,,,,
mpi,mpi_case_15,15,case1_N128_Re400_upwind_steps2500_p250,python_mpi_domain_vectorized,python,mpi_domain,vectorized,128,400,upwind,RBGS,2500.0,250.0,16.0,16,1.0,3.0,65.92139745,66.17582695,66.13044262,1.0,411.3018725,6.21955,0.38872199999999996,16.0,66.13044262,,,,,
mpi,mpi_case_15,15,case1_N128_Re400_upwind_steps2500_p250,python_mpi_domain_vectorized,python,mpi_domain,vectorized,128,400,upwind,RBSOR,2500.0,250.0,16.0,16,1.0,3.0,51.598161700000006,51.69835337,51.69292164,1.0,313.7202625,6.068919999999999,0.379308,16.0,51.69292164,,,,,
mpi,mpi_case_16,16,case1_N128_Re400_central_steps2500_p250,python_mpi_domain_looped,python,mpi_domain,looped,128,400,central,RBGS,2500.0,250.0,16.0,16,1.0,3.0,727.9779415,733.4300047999999,733.3960156,1.0,10190.9296,13.8955,0.8684709999999999,16.0,733.3960156,,,,,
mpi,mpi_case_16,16,case1_N128_Re400_central_steps2500_p250,python_mpi_domain_looped,python,mpi_domain,looped,128,400,central,RBSOR,2500.0,250.0,16.0,16,1.0,3.0,556.502614,565.2477147999999,569.3704290000001,1.0,7872.731811,13.8271,0.864193,16.0,569.3704290000001,,,,,
mpi,mpi_case_16,16,case1_N128_Re400_central_steps2500_p250,python_mpi_domain_vectorized,python,mpi_domain,vectorized,128,400,central,RBGS,2500.0,250.0,16.0,16,1.0,3.0,70.55231619,70.74151429,70.77704787,1.0,435.2619827,6.14976,0.38436,16.0,70.77704787,,,,,
mpi,mpi_case_16,16,case1_N128_Re400_central_steps2500_p250,python_mpi_domain_vectorized,python,mpi_domain,vectorized,128,400,central,RBSOR,2500.0,250.0,16.0,16,1.0,3.0,53.74557161,53.78225215,53.74800515,1.0,333.3266129,6.2016599999999995,0.38760300000000003,16.0,53.74800515,,,,,
mpi,mpi_case_17,17,case1_N128_Re1000_upwind_steps4000_p300,python_mpi_domain_looped,python,mpi_domain,looped,128,1000,upwind,RBGS,4000.0,300.0,16.0,16,1.0,3.0,804.5922188999999,806.7308132999999,807.1267557,1.0,11743.033000000001,14.5492,0.909324,16.0,807.1267557,,,,,
mpi,mpi_case_17,17,case1_N128_Re1000_upwind_steps4000_p300,python_mpi_domain_looped,python,mpi_domain,looped,128,1000,upwind,RBSOR,4000.0,300.0,16.0,16,1.0,3.0,639.4632187000001,642.006342,642.4526324,1.0,8927.042151,13.8953,0.868453,16.0,642.4526324,,,,,
mpi,mpi_case_17,17,case1_N128_Re1000_upwind_steps4000_p300,python_mpi_domain_vectorized,python,mpi_domain,vectorized,128,1000,upwind,RBGS,4000.0,300.0,16.0,16,1.0,3.0,77.73216677,77.85234714,77.79332018,1.0,473.846859,6.0911,0.38069400000000003,16.0,77.79332018,,,,,
mpi,mpi_case_17,17,case1_N128_Re1000_upwind_steps4000_p300,python_mpi_domain_vectorized,python,mpi_domain,vectorized,128,1000,upwind,RBSOR,4000.0,300.0,16.0,16,1.0,3.0,60.64750218,60.73405917,60.66458082,1.0,372.5062914,6.14042,0.383777,16.0,60.66458082,,,,,
mpi,mpi_case_18,18,case1_N128_Re1000_central_steps4000_p300,python_mpi_domain_looped,python,mpi_domain,looped,128,1000,central,RBGS,4000.0,300.0,16.0,16,1.0,3.0,935.6229365,950.0946902999999,945.8373015000001,1.0,13397.105379999999,14.1643,0.885268,16.0,945.8373015000001,,,,,
mpi,mpi_case_18,18,case1_N128_Re1000_central_steps4000_p300,python_mpi_domain_looped,python,mpi_domain,looped,128,1000,central,RBSOR,4000.0,300.0,16.0,16,1.0,3.0,723.6031444,724.844667,725.4429195,1.0,10086.6534,13.9041,0.869008,16.0,725.4429195,,,,,
mpi,mpi_case_18,18,case1_N128_Re1000_central_steps4000_p300,python_mpi_domain_vectorized,python,mpi_domain,vectorized,128,1000,central,RBGS,4000.0,300.0,16.0,16,1.0,3.0,91.86491275,92.19661768,92.15043855,1.0,571.2689817,6.19931,0.387457,16.0,92.15043855,,,,,
mpi,mpi_case_18,18,case1_N128_Re1000_central_steps4000_p300,python_mpi_domain_vectorized,python,mpi_domain,vectorized,128,1000,central,RBSOR,4000.0,300.0,16.0,16,1.0,3.0,68.7426343,68.85124604,68.84729123,1.0,424.3151035,6.163130000000001,0.385196,16.0,68.84729123,,,,,
hybrid,hybrid_case_1,1,case1_N32_Re100_upwind_steps1000_p200,python_hybrid_mpi_threaded_looped,python,hybrid_mpi_threaded,looped,32,100,upwind,RBGS,1000.0,200.0,16.0,4,4.0,3.0,68.55933857,69.84394749,68.6589644,1.0,220.26417450000002,3.2080900000000003,0.200506,16.0,68.6589644,,,,,
hybrid,hybrid_case_1,1,case1_N32_Re100_upwind_steps1000_p200,python_hybrid_mpi_threaded_looped,python,hybrid_mpi_threaded,looped,32,100,upwind,RBSOR,1000.0,200.0,8.0,4,2.0,3.0,34.89822936,35.15828959,35.03061986,1.0,107.40768100000001,3.0661099999999997,0.383264,8.0,35.03061986,,,,,
hybrid,hybrid_case_1,1,case1_N32_Re100_upwind_steps1000_p200,python_hybrid_mpi_threaded_vectorized,python,hybrid_mpi_threaded,vectorized,32,100,upwind,RBGS,1000.0,200.0,8.0,4,2.0,3.0,17.71874094,17.792922100000002,17.76789045,1.0,21.80685496,1.22732,0.153415,8.0,17.76789045,,,,,
hybrid,hybrid_case_1,1,case1_N32_Re100_upwind_steps1000_p200,python_hybrid_mpi_threaded_vectorized,python,hybrid_mpi_threaded,vectorized,32,100,upwind,RBSOR,1000.0,200.0,16.0,4,4.0,3.0,8.685005426,8.693072399,8.691892624,1.0,10.79115629,1.2415200000000002,0.07759500000000001,16.0,8.691892624,,,,,
hybrid,hybrid_case_2,2,case1_N32_Re100_central_steps1000_p200,python_hybrid_mpi_threaded_looped,python,hybrid_mpi_threaded,looped,32,100,central,RBGS,1000.0,200.0,8.0,4,2.0,3.0,66.61015272,67.33155425,67.07040143,1.0,215.1559992,3.20791,0.400989,8.0,67.07040143,,,,,
hybrid,hybrid_case_2,2,case1_N32_Re100_central_steps1000_p200,python_hybrid_mpi_threaded_looped,python,hybrid_mpi_threaded,looped,32,100,central,RBSOR,1000.0,200.0,16.0,4,4.0,3.0,33.093556400000004,34.03850977,34.34411502,1.0,106.46621540000001,3.09998,0.193749,16.0,34.34411502,,,,,
hybrid,hybrid_case_2,2,case1_N32_Re100_central_steps1000_p200,python_hybrid_mpi_threaded_vectorized,python,hybrid_mpi_threaded,vectorized,32,100,central,RBGS,1000.0,200.0,16.0,4,4.0,3.0,17.04537463,17.1545078,17.17478442,1.0,21.21842527,1.2354399999999999,0.07721499999999999,16.0,17.17478442,,,,,
hybrid,hybrid_case_2,2,case1_N32_Re100_central_steps1000_p200,python_hybrid_mpi_threaded_vectorized,python,hybrid_mpi_threaded,vectorized,32,100,central,RBSOR,1000.0,200.0,16.0,4,4.0,3.0,8.362437487000001,8.384436369,8.387861013,1.0,10.4505527,1.24591,0.0778696,16.0,8.387861013,,,,,
hybrid,hybrid_case_3,3,case1_N32_Re400_upwind_steps1000_p200,python_hybrid_mpi_threaded_looped,python,hybrid_mpi_threaded,looped,32,400,upwind,RBGS,1000.0,200.0,16.0,4,4.0,3.0,55.87153697,56.40380239,56.44481468,1.0,180.4995658,3.19781,0.199863,16.0,56.44481468,,,,,
hybrid,hybrid_case_3,3,case1_N32_Re400_upwind_steps1000_p200,python_hybrid_mpi_threaded_looped,python,hybrid_mpi_threaded,looped,32,400,upwind,RBSOR,1000.0,200.0,16.0,4,4.0,3.0,29.11807203,29.418792800000002,29.48766875,1.0,95.0758338,3.2242599999999997,0.201516,16.0,29.48766875,,,,,
hybrid,hybrid_case_3,3,case1_N32_Re400_upwind_steps1000_p200,python_hybrid_mpi_threaded_vectorized,python,hybrid_mpi_threaded,vectorized,32,400,upwind,RBGS,1000.0,200.0,16.0,4,4.0,3.0,13.94506145,13.96347213,13.962291,1.0,17.28915572,1.23827,0.07739220000000001,16.0,13.962291,,,,,
hybrid,hybrid_case_3,3,case1_N32_Re400_upwind_steps1000_p200,python_hybrid_mpi_threaded_vectorized,python,hybrid_mpi_threaded,vectorized,32,400,upwind,RBSOR,1000.0,200.0,16.0,4,4.0,3.0,7.195836306,7.208934625,7.19991374,1.0,8.971581936,1.24607,0.0778792,16.0,7.19991374,,,,,
hybrid,hybrid_case_4,4,case1_N32_Re400_central_steps1000_p200,python_hybrid_mpi_threaded_looped,python,hybrid_mpi_threaded,looped,32,400,central,RBGS,1000.0,200.0,16.0,4,4.0,3.0,49.42349982,50.43758424,50.83099985,1.0,166.654922,3.27861,0.204913,16.0,50.83099985,,,,,
hybrid,hybrid_case_4,4,case1_N32_Re400_central_steps1000_p200,python_hybrid_mpi_threaded_looped,python,hybrid_mpi_threaded,looped,32,400,central,RBSOR,1000.0,200.0,16.0,4,4.0,3.0,26.41017532,26.98441275,27.26950121,1.0,88.42572165,3.24266,0.202666,16.0,27.26950121,,,,,
hybrid,hybrid_case_4,4,case1_N32_Re400_central_steps1000_p200,python_hybrid_mpi_threaded_vectorized,python,hybrid_mpi_threaded,vectorized,32,400,central,RBGS,1000.0,200.0,16.0,4,4.0,3.0,12.67308998,12.704656199999999,12.71345472,1.0,15.82700181,1.2449,0.0778064,16.0,12.71345472,,,,,
hybrid,hybrid_case_4,4,case1_N32_Re400_central_steps1000_p200,python_hybrid_mpi_threaded_vectorized,python,hybrid_mpi_threaded,vectorized,32,400,central,RBSOR,1000.0,200.0,8.0,4,2.0,3.0,6.523375272999999,6.552696546,6.543795586,1.0,7.9962687489999995,1.22196,0.152745,8.0,6.543795586,,,,,
hybrid,hybrid_case_5,5,case1_N32_Re1000_upwind_steps2000_p250,python_hybrid_mpi_threaded_looped,python,hybrid_mpi_threaded,looped,32,1000,upwind,RBGS,2000.0,250.0,8.0,4,2.0,3.0,63.25909328,64.8477966,65.46058059,1.0,209.2792151,3.19703,0.39962800000000004,8.0,65.46058059,,,,,
hybrid,hybrid_case_5,5,case1_N32_Re1000_upwind_steps2000_p250,python_hybrid_mpi_threaded_looped,python,hybrid_mpi_threaded,looped,32,1000,upwind,RBSOR,2000.0,250.0,8.0,4,2.0,3.0,39.91754889,40.434943200000006,40.52487707,1.0,128.1285429,3.16173,0.395216,8.0,40.52487707,,,,,
hybrid,hybrid_case_5,5,case1_N32_Re1000_upwind_steps2000_p250,python_hybrid_mpi_threaded_vectorized,python,hybrid_mpi_threaded,vectorized,32,1000,upwind,RBGS,2000.0,250.0,16.0,4,4.0,3.0,15.81494832,15.914025699999998,15.92790604,1.0,19.78845572,1.2423799999999998,0.0776485,16.0,15.92790604,,,,,
hybrid,hybrid_case_5,5,case1_N32_Re1000_upwind_steps2000_p250,python_hybrid_mpi_threaded_vectorized,python,hybrid_mpi_threaded,vectorized,32,1000,upwind,RBSOR,2000.0,250.0,8.0,4,2.0,3.0,9.472563505,9.505031586,9.493973494,1.0,11.76654816,1.23937,0.154921,8.0,9.493973494,,,,,
hybrid,hybrid_case_6,6,case1_N32_Re1000_central_steps2000_p250,python_hybrid_mpi_threaded_looped,python,hybrid_mpi_threaded,looped,32,1000,central,RBGS,2000.0,250.0,8.0,4,2.0,3.0,51.61089969,52.06738448,52.08085442,1.0,167.17359140000002,3.20989,0.40123600000000004,8.0,52.08085442,,,,,
hybrid,hybrid_case_6,6,case1_N32_Re1000_central_steps2000_p250,python_hybrid_mpi_threaded_looped,python,hybrid_mpi_threaded,looped,32,1000,central,RBSOR,2000.0,250.0,8.0,4,2.0,3.0,33.37733054,33.66584706,33.75323963,1.0,109.9904909,3.25866,0.407333,8.0,33.75323963,,,,,
hybrid,hybrid_case_6,6,case1_N32_Re1000_central_steps2000_p250,python_hybrid_mpi_threaded_vectorized,python,hybrid_mpi_threaded,vectorized,32,1000,central,RBGS,2000.0,250.0,16.0,4,4.0,3.0,12.37991548,12.43340707,12.39679885,1.0,15.50659204,1.25085,0.0781784,16.0,12.39679885,,,,,
hybrid,hybrid_case_6,6,case1_N32_Re1000_central_steps2000_p250,python_hybrid_mpi_threaded_vectorized,python,hybrid_mpi_threaded,vectorized,32,1000,central,RBSOR,2000.0,250.0,8.0,4,2.0,3.0,7.794151068,7.817642609,7.8039889339999995,1.0,9.687566757,1.24136,0.15517,8.0,7.8039889339999995,,,,,
hybrid,hybrid_case_7,7,case1_N64_Re100_upwind_steps1000_p200,python_hybrid_mpi_threaded_looped,python,hybrid_mpi_threaded,looped,64,100,upwind,RBGS,1000.0,200.0,8.0,4,2.0,3.0,355.0866413,366.1030243,364.58388019999995,1.0,1265.121393,3.47004,0.433755,8.0,364.58388019999995,,,,,
hybrid,hybrid_case_7,7,case1_N64_Re100_upwind_steps1000_p200,python_hybrid_mpi_threaded_looped,python,hybrid_mpi_threaded,looped,64,100,upwind,RBSOR,1000.0,200.0,8.0,4,2.0,3.0,228.79848769999998,231.0558622,229.18216850000002,1.0,812.8342707,3.5466699999999998,0.443334,8.0,229.18216850000002,,,,,
hybrid,hybrid_case_7,7,case1_N64_Re100_upwind_steps1000_p200,python_hybrid_mpi_threaded_vectorized,python,hybrid_mpi_threaded,vectorized,64,100,upwind,RBGS,1000.0,200.0,16.0,4,4.0,3.0,35.94663644,36.19081791,36.28953719,1.0,70.59033322,1.9452,0.121575,16.0,36.28953719,,,,,
hybrid,hybrid_case_7,7,case1_N64_Re100_upwind_steps1000_p200,python_hybrid_mpi_threaded_vectorized,python,hybrid_mpi_threaded,vectorized,64,100,upwind,RBSOR,1000.0,200.0,16.0,4,4.0,3.0,22.27299833,22.35827398,22.30086541,1.0,43.73154998,1.96098,0.12256099999999999,16.0,22.30086541,,,,,
hybrid,hybrid_case_8,8,case1_N64_Re100_central_steps1000_p200,python_hybrid_mpi_threaded_looped,python,hybrid_mpi_threaded,looped,64,100,central,RBGS,1000.0,200.0,8.0,4,2.0,3.0,355.1290531,362.1476285,358.02206780000006,1.0,1259.525864,3.51801,0.439751,8.0,358.02206780000006,,,,,
hybrid,hybrid_case_8,8,case1_N64_Re100_central_steps1000_p200,python_hybrid_mpi_threaded_looped,python,hybrid_mpi_threaded,looped,64,100,central,RBSOR,1000.0,200.0,8.0,4,2.0,3.0,216.90872259999998,224.4759085,226.32021119999996,1.0,820.0866055,3.6235699999999995,0.452946,8.0,226.32021119999996,,,,,
hybrid,hybrid_case_8,8,case1_N64_Re100_central_steps1000_p200,python_hybrid_mpi_threaded_vectorized,python,hybrid_mpi_threaded,vectorized,64,100,central,RBGS,1000.0,200.0,16.0,4,4.0,3.0,35.47878551,35.55096332,35.56745982,1.0,69.85981345,1.96415,0.122759,16.0,35.56745982,,,,,
hybrid,hybrid_case_8,8,case1_N64_Re100_central_steps1000_p200,python_hybrid_mpi_threaded_vectorized,python,hybrid_mpi_threaded,vectorized,64,100,central,RBSOR,1000.0,200.0,16.0,4,4.0,3.0,21.95819426,22.04609982,22.03407478,1.0,43.22503734,1.96174,0.122608,16.0,22.03407478,,,,,
hybrid,hybrid_case_9,9,case1_N64_Re400_upwind_steps1000_p200,python_hybrid_mpi_threaded_looped,python,hybrid_mpi_threaded,looped,64,400,upwind,RBGS,1000.0,200.0,16.0,4,4.0,3.0,304.9698143,310.6532438,312.4598875,1.0,1147.660052,3.6729800000000004,0.22956100000000002,16.0,312.4598875,,,,,
hybrid,hybrid_case_9,9,case1_N64_Re400_upwind_steps1000_p200,python_hybrid_mpi_threaded_looped,python,hybrid_mpi_threaded,looped,64,400,upwind,RBSOR,1000.0,200.0,16.0,4,4.0,3.0,193.1795654,195.2969423,193.5741503,1.0,696.7257402,3.5992699999999997,0.224954,16.0,193.5741503,,,,,
hybrid,hybrid_case_9,9,case1_N64_Re400_upwind_steps1000_p200,python_hybrid_mpi_threaded_vectorized,python,hybrid_mpi_threaded,vectorized,64,400,upwind,RBGS,1000.0,200.0,16.0,4,4.0,3.0,30.30586934,30.519879100000004,30.40704226,1.0,60.19718719,1.9797099999999999,0.123732,16.0,30.40704226,,,,,
hybrid,hybrid_case_9,9,case1_N64_Re400_upwind_steps1000_p200,python_hybrid_mpi_threaded_vectorized,python,hybrid_mpi_threaded,vectorized,64,400,upwind,RBSOR,1000.0,200.0,8.0,4,2.0,3.0,18.39967203,18.51398698,18.54822421,1.0,36.32125688,1.9582099999999998,0.24477600000000002,8.0,18.54822421,,,,,
hybrid,hybrid_case_10,10,case1_N64_Re400_central_steps1000_p200,python_hybrid_mpi_threaded_looped,python,hybrid_mpi_threaded,looped,64,400,central,RBGS,1000.0,200.0,8.0,4,2.0,3.0,304.2702715,312.32730330000004,314.5362728,1.0,1174.435102,3.73386,0.466733,8.0,314.5362728,,,,,
hybrid,hybrid_case_10,10,case1_N64_Re400_central_steps1000_p200,python_hybrid_mpi_threaded_looped,python,hybrid_mpi_threaded,looped,64,400,central,RBSOR,1000.0,200.0,16.0,4,4.0,3.0,188.7707138,189.8105054,188.9863868,1.0,670.6388023,3.54861,0.221788,16.0,188.9863868,,,,,
hybrid,hybrid_case_10,10,case1_N64_Re400_central_steps1000_p200,python_hybrid_mpi_threaded_vectorized,python,hybrid_mpi_threaded,vectorized,64,400,central,RBGS,1000.0,200.0,16.0,4,4.0,3.0,30.85632372,31.02676741,31.0756495,1.0,60.26863861,1.9394200000000001,0.12121400000000002,16.0,31.0756495,,,,,
hybrid,hybrid_case_10,10,case1_N64_Re400_central_steps1000_p200,python_hybrid_mpi_threaded_vectorized,python,hybrid_mpi_threaded,vectorized,64,400,central,RBSOR,1000.0,200.0,16.0,4,4.0,3.0,18.15167379,18.228401100000003,18.15351605,1.0,35.59191632,1.96061,0.12253800000000001,16.0,18.15351605,,,,,
hybrid,hybrid_case_11,11,case1_N64_Re1000_upwind_steps2000_p250,python_hybrid_mpi_threaded_looped,python,hybrid_mpi_threaded,looped,64,1000,upwind,RBGS,2000.0,250.0,8.0,4,2.0,3.0,391.5298536,398.6489403,397.5273588,1.0,1424.873083,3.58434,0.448042,8.0,397.5273588,,,,,
hybrid,hybrid_case_11,11,case1_N64_Re1000_upwind_steps2000_p250,python_hybrid_mpi_threaded_looped,python,hybrid_mpi_threaded,looped,64,1000,upwind,RBSOR,2000.0,250.0,8.0,4,2.0,3.0,250.1609704,255.64543219999996,255.13354680000003,1.0,914.9647123999999,3.5862199999999995,0.44827700000000004,8.0,255.13354680000003,,,,,
hybrid,hybrid_case_11,11,case1_N64_Re1000_upwind_steps2000_p250,python_hybrid_mpi_threaded_vectorized,python,hybrid_mpi_threaded,vectorized,64,1000,upwind,RBGS,2000.0,250.0,8.0,4,2.0,3.0,37.72738338,37.90228224,37.82090616,1.0,73.96053815,1.95555,0.244443,8.0,37.82090616,,,,,
hybrid,hybrid_case_11,11,case1_N64_Re1000_upwind_steps2000_p250,python_hybrid_mpi_threaded_vectorized,python,hybrid_mpi_threaded,vectorized,64,1000,upwind,RBSOR,2000.0,250.0,16.0,4,4.0,3.0,24.17773938,24.23474924,24.23628497,1.0,47.04622245,1.94115,0.121322,16.0,24.23628497,,,,,
hybrid,hybrid_case_12,12,case1_N64_Re1000_central_steps2000_p250,python_hybrid_mpi_threaded_looped,python,hybrid_mpi_threaded,looped,64,1000,central,RBGS,2000.0,250.0,8.0,4,2.0,3.0,428.2512586,438.0516977,434.75905159999996,1.0,1558.894249,3.58565,0.44820600000000005,8.0,434.75905159999996,,,,,
hybrid,hybrid_case_12,12,case1_N64_Re1000_central_steps2000_p250,python_hybrid_mpi_threaded_looped,python,hybrid_mpi_threaded,looped,64,1000,central,RBSOR,2000.0,250.0,16.0,4,4.0,3.0,259.8715792,261.84645809999995,262.1604064,1.0,936.7362403999999,3.57314,0.223321,16.0,262.1604064,,,,,
hybrid,hybrid_case_12,12,case1_N64_Re1000_central_steps2000_p250,python_hybrid_mpi_threaded_vectorized,python,hybrid_mpi_threaded,vectorized,64,1000,central,RBGS,2000.0,250.0,8.0,4,2.0,3.0,42.23833609,42.47528378,42.57871485,1.0,82.76882267,1.9439,0.242988,8.0,42.57871485,,,,,
hybrid,hybrid_case_12,12,case1_N64_Re1000_central_steps2000_p250,python_hybrid_mpi_threaded_vectorized,python,hybrid_mpi_threaded,vectorized,64,1000,central,RBSOR,2000.0,250.0,16.0,4,4.0,3.0,25.32708955,25.43697611,25.46468759,1.0,49.41608882,1.9405700000000001,0.12128599999999999,16.0,25.46468759,,,,,
hybrid,hybrid_case_13,13,case1_N128_Re100_upwind_steps2500_p250,,python,,,128,100,upwind,,,,,4,,,,,,,,,,,,9.0,5659.7333591514125,5027.322775574276,431.5638420582,11128.3214485645
hybrid,hybrid_case_14,14,case1_N128_Re100_central_steps2500_p250,python_hybrid_mpi_threaded_looped,python,hybrid_mpi_threaded,looped,128,100,central,RBGS,2500.0,250.0,16.0,4,4.0,3.0,2166.006523,2179.90327,2178.989088,1.0,8670.601736,3.97919,0.24869899999999998,16.0,2178.989088,,,,,
hybrid,hybrid_case_14,14,case1_N128_Re100_central_steps2500_p250,python_hybrid_mpi_threaded_looped,python,hybrid_mpi_threaded,looped,128,100,central,RBSOR,2500.0,250.0,16.0,4,4.0,3.0,1793.540348,1830.2790969999999,1846.551086,1.0,6832.853719,3.70033,0.231271,16.0,1846.551086,,,,,
hybrid,hybrid_case_14,14,case1_N128_Re100_central_steps2500_p250,python_hybrid_mpi_threaded_vectorized,python,hybrid_mpi_threaded,vectorized,128,100,central,RBGS,2500.0,250.0,8.0,4,2.0,3.0,114.9977467,115.4296453,115.608623,1.0,344.3307445,2.9784200000000003,0.372302,8.0,115.608623,,,,,
hybrid,hybrid_case_14,14,case1_N128_Re100_central_steps2500_p250,python_hybrid_mpi_threaded_vectorized,python,hybrid_mpi_threaded,vectorized,128,100,central,RBSOR,2500.0,250.0,8.0,4,2.0,3.0,94.86792994,95.06414278,94.99154139,1.0,287.2985296,3.02446,0.378058,8.0,94.99154139,,,,,
hybrid,hybrid_case_15,15,case1_N128_Re400_upwind_steps2500_p250,python_hybrid_mpi_threaded_looped,python,hybrid_mpi_threaded,looped,128,400,upwind,RBGS,2500.0,250.0,8.0,4,2.0,3.0,2510.759802,2566.937891,2567.504327,1.0,9838.8548,3.83207,0.479009,8.0,2567.504327,,,,,
hybrid,hybrid_case_15,15,case1_N128_Re400_upwind_steps2500_p250,python_hybrid_mpi_threaded_looped,python,hybrid_mpi_threaded,looped,128,400,upwind,RBSOR,2500.0,250.0,16.0,4,4.0,3.0,2021.7155469999998,2025.908643,2026.846372,1.0,7237.482024,3.57081,0.223176,16.0,2026.846372,,,,,
hybrid,hybrid_case_15,15,case1_N128_Re400_upwind_steps2500_p250,python_hybrid_mpi_threaded_vectorized,python,hybrid_mpi_threaded,vectorized,128,400,upwind,RBGS,2500.0,250.0,8.0,4,2.0,3.0,134.7924175,134.9174506,134.89752819999998,1.0,411.15716360000005,3.04792,0.38099,8.0,134.89752819999998,,,,,
hybrid,hybrid_case_15,15,case1_N128_Re400_upwind_steps2500_p250,python_hybrid_mpi_threaded_vectorized,python,hybrid_mpi_threaded,vectorized,128,400,upwind,RBSOR,2500.0,250.0,16.0,4,4.0,3.0,104.54619170000001,104.845454,104.9888394,1.0,321.189409,3.05927,0.19120399999999999,16.0,104.9888394,,,,,
hybrid,hybrid_case_16,16,case1_N128_Re400_central_steps2500_p250,python_hybrid_mpi_threaded_looped,python,hybrid_mpi_threaded,looped,128,400,central,RBGS,2500.0,250.0,8.0,4,2.0,3.0,2675.434303,2745.278671,2738.523707,1.0,9931.066284,3.6264300000000005,0.453304,8.0,2738.523707,,,,,
hybrid,hybrid_case_16,16,case1_N128_Re400_central_steps2500_p250,python_hybrid_mpi_threaded_looped,python,hybrid_mpi_threaded,looped,128,400,central,RBSOR,2500.0,250.0,16.0,4,4.0,3.0,2034.263709,2064.698518,2060.259956,1.0,7613.105654999999,3.6952199999999995,0.23095100000000002,16.0,2060.259956,,,,,
hybrid,hybrid_case_16,16,case1_N128_Re400_central_steps2500_p250,python_hybrid_mpi_threaded_vectorized,python,hybrid_mpi_threaded,vectorized,128,400,central,RBGS,2500.0,250.0,16.0,4,4.0,3.0,143.420296,143.6714083,143.6338146,1.0,430.13718650000004,2.99468,0.187167,16.0,143.6338146,,,,,
hybrid,hybrid_case_16,16,case1_N128_Re400_central_steps2500_p250,python_hybrid_mpi_threaded_vectorized,python,hybrid_mpi_threaded,vectorized,128,400,central,RBSOR,2500.0,250.0,8.0,4,2.0,3.0,109.353981,109.59448130000001,109.3638096,1.0,328.4230862,3.00303,0.375379,8.0,109.3638096,,,,,
hybrid,hybrid_case_17,17,case1_N128_Re1000_upwind_steps4000_p300,python_hybrid_mpi_threaded_looped,python,hybrid_mpi_threaded,looped,128,1000,upwind,RBGS,4000.0,300.0,8.0,4,2.0,3.0,3027.6533719999998,3060.115214,3068.00868,1.0,11497.80174,3.74764,0.468455,8.0,3068.00868,,,,,
hybrid,hybrid_case_17,17,case1_N128_Re1000_upwind_steps4000_p300,python_hybrid_mpi_threaded_looped,python,hybrid_mpi_threaded,looped,128,1000,upwind,RBSOR,4000.0,300.0,16.0,4,4.0,3.0,2380.2494890000003,2412.063348,2394.981118,1.0,8959.618448000001,3.741,0.233812,16.0,2394.981118,,,,,
hybrid,hybrid_case_17,17,case1_N128_Re1000_upwind_steps4000_p300,python_hybrid_mpi_threaded_vectorized,python,hybrid_mpi_threaded,vectorized,128,1000,upwind,RBGS,4000.0,300.0,8.0,4,2.0,3.0,157.7488022,158.2683576,157.8944051,1.0,473.52360219999997,2.99899,0.374874,8.0,157.8944051,,,,,
hybrid,hybrid_case_17,17,case1_N128_Re1000_upwind_steps4000_p300,python_hybrid_mpi_threaded_vectorized,python,hybrid_mpi_threaded,vectorized,128,1000,upwind,RBSOR,4000.0,300.0,8.0,4,2.0,3.0,123.2240167,123.47989380000001,123.2260361,1.0,375.79101349999996,3.04961,0.381201,8.0,123.2260361,,,,,
hybrid,hybrid_case_18,18,case1_N128_Re1000_central_steps4000_p300,python_hybrid_mpi_threaded_looped,python,hybrid_mpi_threaded,looped,128,1000,central,RBGS,4000.0,300.0,16.0,4,4.0,3.0,3510.305506,3528.4007950000005,3536.119757,1.0,12682.968420000001,3.58669,0.22416799999999998,16.0,3536.119757,,,,,
hybrid,hybrid_case_18,18,case1_N128_Re1000_central_steps4000_p300,python_hybrid_mpi_threaded_looped,python,hybrid_mpi_threaded,looped,128,1000,central,RBSOR,4000.0,300.0,16.0,4,4.0,3.0,2646.585407,2682.487609,2660.0424359999997,1.0,10131.54748,3.80879,0.23804899999999998,16.0,2660.0424359999997,,,,,
hybrid,hybrid_case_18,18,case1_N128_Re1000_central_steps4000_p300,python_hybrid_mpi_threaded_vectorized,python,hybrid_mpi_threaded,vectorized,128,1000,central,RBGS,4000.0,300.0,8.0,4,2.0,3.0,186.64820480000003,186.8740803,186.6645236,1.0,571.9721119,3.0641700000000003,0.383021,8.0,186.6645236,,,,,
hybrid,hybrid_case_18,18,case1_N128_Re1000_central_steps4000_p300,python_hybrid_mpi_threaded_vectorized,python,hybrid_mpi_threaded,vectorized,128,1000,central,RBSOR,4000.0,300.0,16.0,4,4.0,3.0,139.86218169999998,140.05675359999998,140.0891569,1.0,427.16971950000004,3.04927,0.190579,16.0,140.0891569,,,,,
