SourceFamily,CaseIndex,N_std,Re_std,Scheme_std,PressureSolver_std,Language_std,Implementation_std,ParallelModel_std,SuccessfulRepeats,RuntimeMean_s,RuntimeStd_s,RuntimeMin_s,RuntimeMedian_s,RuntimeMax_s
hybrid,1,32,100,upwind,unknown,python,unknown,hybrid_mpi_threaded,60,60.257722401613336,65.01480939467774,8.6850054264,28.2607372999,228.53770065310002
hybrid,2,32,100,central,unknown,python,unknown,hybrid_mpi_threaded,60,59.348419503376654,64.90933518359097,8.3624374866,27.3132878542,225.83707451819998
hybrid,3,32,400,upwind,unknown,python,unknown,hybrid_mpi_threaded,60,49.47209070523666,53.25900841632281,7.195836305599999,23.3885873556,183.0394511223
hybrid,4,32,400,central,unknown,python,unknown,hybrid_mpi_threaded,60,45.54394485950666,49.51074857101644,6.5233752728,21.1975744963,172.3602020741
hybrid,5,32,1000,upwind,unknown,python,unknown,hybrid_mpi_threaded,60,60.71088978449666,63.32507267783368,9.4725635052,29.7516559362,212.5781104565
hybrid,6,32,1000,central,unknown,python,unknown,hybrid_mpi_threaded,60,49.47944422959834,51.37530598768751,7.7941510677,24.492652058599997,172.4796230793
hybrid,7,64,100,upwind,unknown,python,unknown,hybrid_mpi_threaded,60,354.07469015519007,419.6374169061803,22.272998333,148.99166500569999,1373.7663052082
hybrid,8,64,100,central,unknown,python,unknown,hybrid_mpi_threaded,60,346.02079534132844,408.87396262658376,21.9581942558,143.51329874995,1314.7676780224
hybrid,9,64,400,upwind,unknown,python,unknown,hybrid_mpi_threaded,60,301.80220888852665,363.5060186704048,18.3329436779,126.54238867759999,1191.8201749325
hybrid,10,64,400,central,unknown,python,unknown,hybrid_mpi_threaded,60,300.1619374553366,361.2441941899983,18.1434648037,124.81457018855,1226.1656506062
hybrid,11,64,1000,upwind,unknown,python,unknown,hybrid_mpi_threaded,60,383.8303239583949,455.24440503297143,24.1777393818,162.23155951500001,1470.6138529778
hybrid,12,64,1000,central,unknown,python,unknown,hybrid_mpi_threaded,60,417.9330663919465,499.3737925573544,25.3270895481,171.57360816,1646.5490069389002
hybrid,13,128,100,upwind,unknown,python,unknown,hybrid_mpi_threaded,24,14267.315836757416,15340.969181961415,431.5638420582,9391.9149876833,42344.1348173618
hybrid,14,128,100,central,unknown,python,unknown,hybrid_mpi_threaded,60,2414.989561633268,2884.782418466627,94.86792993549999,1061.1150373220498,8766.884945154201
hybrid,15,128,400,upwind,unknown,python,unknown,hybrid_mpi_threaded,60,2753.95944734415,3298.688234557975,104.5461916924,1202.2490438222999,10020.72990942
hybrid,16,128,400,central,unknown,python,unknown,hybrid_mpi_threaded,60,2871.4936839501174,3423.71740266721,109.3539810181,1236.3863093853001,10359.0127036572
hybrid,17,128,1000,upwind,unknown,python,unknown,hybrid_mpi_threaded,60,3258.531112929186,3900.197500161154,122.87438797950001,1432.81481051445,11800.1100091934
hybrid,18,128,1000,central,unknown,python,unknown,hybrid_mpi_threaded,60,3722.5961299896185,4461.375461701865,139.8621816635,1608.93200480935,13877.2173445225
mpi,1,32,100,upwind,unknown,python,unknown,mpi_domain,60,43.42186296383669,52.8672928194096,7.9630050659,20.10816776755,229.477755785
mpi,2,32,100,central,unknown,python,unknown,mpi_domain,60,41.97270348469332,50.805161385217325,7.6891465187,19.500716805499998,217.6854786873
mpi,3,32,400,upwind,unknown,python,unknown,mpi_domain,60,35.237009553116664,42.921809298945995,6.6010646820000005,16.23649692535,186.8197171688
mpi,4,32,400,central,unknown,python,unknown,mpi_domain,60,32.41578797101667,39.714761743612975,5.9829268456,14.68684709075,172.4812743664
mpi,5,32,1000,upwind,unknown,python,unknown,mpi_domain,60,43.107053371271675,51.17650690131605,8.7328457832,18.44678223135,214.6827611923
mpi,6,32,1000,central,unknown,python,unknown,mpi_domain,60,35.014229242004994,41.507770409258505,7.1893315315,14.40460014345,169.6003081799
mpi,7,64,100,upwind,unknown,python,unknown,mpi_domain,60,234.9380756378167,336.82111726181745,16.9744617939,69.73579084875,1323.0612764359
mpi,8,64,100,central,unknown,python,unknown,mpi_domain,60,233.94611766735832,339.297948086746,16.6234834194,68.7277727127,1383.2608094215
mpi,9,64,400,upwind,unknown,python,unknown,mpi_domain,60,199.47993057171664,288.15091219469616,14.0182571411,59.12755560875,1187.3402528763002
mpi,10,64,400,central,unknown,python,unknown,mpi_domain,60,202.5819837768867,295.761531990458,13.8048985004,58.89093852045,1179.4127285480001
mpi,11,64,1000,upwind,unknown,python,unknown,mpi_domain,60,256.74475423097334,367.4631202236208,18.3781173229,75.8358758688,1459.1452224255
mpi,12,64,1000,central,unknown,python,unknown,mpi_domain,60,280.43463531732,405.75686740138616,19.2497067451,82.30045282840001,1676.4437010288
mpi,13,128,100,upwind,unknown,python,unknown,mpi_domain,41,8294.319798353235,12072.30511814248,210.91074252130002,2178.7564394473998,40910.2954394817
mpi,14,128,100,central,unknown,python,unknown,mpi_domain,60,1586.1799351970365,2346.290505375652,46.5974113941,420.5436000824,8364.5830757618
mpi,15,128,400,upwind,unknown,python,unknown,mpi_domain,60,1796.6323256810558,2675.461053217223,51.598161697399995,475.95955753329997,10002.4037156105
mpi,16,128,400,central,unknown,python,unknown,mpi_domain,60,1892.496252600355,2802.1752323966302,53.7455716133,497.15064489840006,10229.6992256641
mpi,17,128,1000,upwind,unknown,python,unknown,mpi_domain,60,2146.04572204749,3219.5785267285787,60.6475021839,564.4828290939499,12104.4076488018
mpi,18,128,1000,central,unknown,python,unknown,mpi_domain,60,2460.1370651364323,3683.8947402122035,68.7426342964,648.2291955948,13678.5572314262
openmp,1,32,100,upwind,unknown,c,unknown,openmp_domain,60,2.496947390586667,2.1346565382699145,0.5173513964,1.8254978731499998,7.9942260534
openmp,1,32,100,upwind,unknown,cpp,unknown,openmp_domain,60,2.2966606547416664,1.9705983038683574,0.5182533078,1.69390857965,9.0593095794
openmp,2,32,100,central,unknown,c,unknown,openmp_domain,60,2.475769560225001,2.068818359560002,0.5046789161999999,1.8300372977,8.0254803523
openmp,2,32,100,central,unknown,cpp,unknown,openmp_domain,60,2.3563306622816658,2.058627968173765,0.5046291761,1.7264161649999998,8.2521536611
openmp,3,32,400,upwind,unknown,c,unknown,openmp_domain,60,2.2927061316899993,1.8414290929545396,0.49906503409999997,1.74239637145,6.9367893636
openmp,3,32,400,upwind,unknown,cpp,unknown,openmp_domain,60,2.1243410308499993,1.700246894348137,0.4972805046,1.64320218935,6.9304623939
openmp,4,32,400,central,unknown,c,unknown,openmp_domain,60,2.3185497567016666,2.068000478037196,0.470267728,1.7007622438999999,8.5285894461
openmp,4,32,400,central,unknown,cpp,unknown,openmp_domain,60,2.1146705311399994,1.8521777835659965,0.4705480449,1.53669270315,9.2648120075
openmp,5,32,1000,upwind,unknown,c,unknown,openmp_domain,60,1.7684206410616665,1.4176265096360687,0.4132394008,1.3108379971,5.8363668621
openmp,5,32,1000,upwind,unknown,cpp,unknown,openmp_domain,60,1.664698759901667,1.3488510997292955,0.412851043,1.262050597,6.7052823975999996
openmp,6,32,1000,central,unknown,c,unknown,openmp_domain,60,1.4660121507949997,1.1978519722819418,0.3396176249,1.02560333535,4.8705945835
openmp,6,32,1000,central,unknown,cpp,unknown,openmp_domain,60,1.4096132755883335,1.1746008713130567,0.3384106718,0.98268651405,5.3157023713
openmp,7,64,100,upwind,unknown,c,unknown,openmp_domain,60,4.724503836779999,2.396433647744608,2.3240474238999997,3.7951121889499997,12.7346144207
openmp,7,64,100,upwind,unknown,cpp,unknown,openmp_domain,60,4.463584744060001,2.0102086422931915,2.3093104064,3.8292760178500003,10.805482845799999
openmp,8,64,100,central,unknown,c,unknown,openmp_domain,60,4.915727625535,2.515137793250025,2.3756478652,3.89732502775,12.0555980317
openmp,8,64,100,central,unknown,cpp,unknown,openmp_domain,60,4.691397943346669,2.245695173940619,2.40901592,3.85614711045,11.2450249121
openmp,9,64,400,upwind,unknown,c,unknown,openmp_domain,60,5.109142486816667,2.6229150958641427,2.4705592655,4.130083959549999,12.7971712388
openmp,9,64,400,upwind,unknown,cpp,unknown,openmp_domain,60,4.803164100641666,2.2012198422852824,2.4752713478999997,3.9918362908000002,10.4523764923
openmp,10,64,400,central,unknown,c,unknown,openmp_domain,60,5.324253933685,2.739619359365415,2.5292831436000003,4.4896700494,14.29017663
openmp,10,64,400,central,unknown,cpp,unknown,openmp_domain,60,4.981916221166667,2.301741499219413,2.5744853094,4.24805150185,11.1900257505
openmp,11,64,1000,upwind,unknown,c,unknown,openmp_domain,60,4.141863689013334,2.344934148191516,1.9283854775,3.3079865724,14.2210824527
openmp,11,64,1000,upwind,unknown,cpp,unknown,openmp_domain,60,3.897789382993333,1.8760908441580242,1.9232501946,3.22518661805,9.7565784007
openmp,12,64,1000,central,unknown,c,unknown,openmp_domain,60,4.549169813531665,2.4644234626933184,2.0781820565,3.78436574715,12.7313732468
openmp,12,64,1000,central,unknown,cpp,unknown,openmp_domain,60,4.292562073529999,2.1252975598643844,2.0764582381,3.7352196722999995,10.833779335
openmp,13,128,100,upwind,unknown,c,unknown,openmp_domain,60,4.004697518795,1.7351174697709604,2.1176134013,3.4699618947,8.6397069395
openmp,13,128,100,upwind,unknown,cpp,unknown,openmp_domain,60,4.026145224713335,1.7477134226393343,2.0895161591,3.435091801,8.6934614517
openmp,14,128,100,central,unknown,c,unknown,openmp_domain,60,11.758223539213333,4.708099613419658,6.328189000499999,10.98287937415,24.2778321356
openmp,14,128,100,central,unknown,cpp,unknown,openmp_domain,60,11.78705977238834,4.699789398550338,6.2608043291,11.153867561350001,24.4985429384
openmp,15,128,400,upwind,unknown,c,unknown,openmp_domain,60,12.194009456286668,5.203031014535891,6.2825752087,10.1979977861,26.4729174897
openmp,15,128,400,upwind,unknown,cpp,unknown,openmp_domain,60,12.220093716555006,5.225654266468891,6.2432053052,10.00244236365,26.7340890244
openmp,16,128,400,central,unknown,c,unknown,openmp_domain,60,13.130066280683335,5.421559083438815,6.611727789,11.84975032695,27.7625214159
openmp,16,128,400,central,unknown,cpp,unknown,openmp_domain,60,13.065374054826668,5.402204423622916,6.5920602977,11.662642866399999,27.9936690181
openmp,17,128,1000,upwind,unknown,c,unknown,openmp_domain,60,10.710364974038333,4.5623333062026665,5.3232354708,8.994083317000001,23.4350897223
openmp,17,128,1000,upwind,unknown,cpp,unknown,openmp_domain,60,10.702559029373335,4.604620437831655,5.2940385751,9.12656500935,23.6371388286
openmp,18,128,1000,central,unknown,c,unknown,openmp_domain,60,11.875732918451664,5.129140533593091,5.8627275041999996,10.2236328982,26.2819257788
openmp,18,128,1000,central,unknown,cpp,unknown,openmp_domain,60,11.8870139574,5.130011699807961,5.8895380497000005,10.09828743525,26.498635623600002
