family,case_id,solver_group,language,parallel_model,kernel_style,N,Re,scheme,pressure,steps,poisson_iters,total_cores,mpi_ranks,threads_per_rank,runs,runtime_min_s,runtime_mean_s,runtime_median_s,baseline_cores,baseline_runtime_s,speedup_vs_baseline,parallel_efficiency
hybrid,case1_N128_Re400_central_steps2500_p250,python_hybrid_mpi_threaded_looped,python,hybrid_mpi_threaded,looped,128,400,central,RBSOR,2500,250,1,1,1,3,7606.299864,7788.600364,7613.105655,1,7613.105655,1.0,1.0
hybrid,case1_N128_Re400_central_steps2500_p250,python_hybrid_mpi_threaded_looped,python,hybrid_mpi_threaded,looped,128,400,central,RBSOR,2500,250,2,1,2,3,7566.475694,7787.014286,7875.927662,1,7613.105655,0.96663,0.483315
hybrid,case1_N128_Re400_central_steps2500_p250,python_hybrid_mpi_threaded_looped,python,hybrid_mpi_threaded,looped,128,400,central,RBSOR,2500,250,4,2,2,3,4068.051735,4074.93574,4077.990789,1,7613.105655,1.86688,0.466719
hybrid,case1_N128_Re400_central_steps2500_p250,python_hybrid_mpi_threaded_looped,python,hybrid_mpi_threaded,looped,128,400,central,RBSOR,2500,250,8,4,2,3,2095.063249,2118.815506,2111.847609,1,7613.105655,3.60495,0.450619
hybrid,case1_N128_Re400_central_steps2500_p250,python_hybrid_mpi_threaded_looped,python,hybrid_mpi_threaded,looped,128,400,central,RBSOR,2500,250,16,4,4,3,2034.263709,2064.698518,2060.259956,1,7613.105655,3.69522,0.230951
hybrid,case1_N128_Re400_central_steps2500_p250,python_hybrid_mpi_threaded_vectorized,python,hybrid_mpi_threaded,vectorized,128,400,central,RBSOR,2500,250,1,1,1,3,326.8058889,328.5999885,328.4230862,1,328.4230862,1.0,1.0
hybrid,case1_N128_Re400_central_steps2500_p250,python_hybrid_mpi_threaded_vectorized,python,hybrid_mpi_threaded,vectorized,128,400,central,RBSOR,2500,250,2,1,2,3,333.5659556,334.0135961,333.841871,1,328.4230862,0.983768,0.491884
hybrid,case1_N128_Re400_central_steps2500_p250,python_hybrid_mpi_threaded_vectorized,python,hybrid_mpi_threaded,vectorized,128,400,central,RBSOR,2500,250,4,2,2,3,184.3646066,184.934024,184.9720488,1,328.4230862,1.77553,0.443882
hybrid,case1_N128_Re400_central_steps2500_p250,python_hybrid_mpi_threaded_vectorized,python,hybrid_mpi_threaded,vectorized,128,400,central,RBSOR,2500,250,8,4,2,3,109.353981,109.5944813,109.3638096,1,328.4230862,3.00303,0.375379
hybrid,case1_N128_Re400_central_steps2500_p250,python_hybrid_mpi_threaded_vectorized,python,hybrid_mpi_threaded,vectorized,128,400,central,RBSOR,2500,250,16,4,4,3,109.4568446,110.0619116,110.188024,1,328.4230862,2.98057,0.186286
mpi,case1_N128_Re400_central_steps2500_p250,python_mpi_domain_looped,python,mpi_domain,looped,128,400,central,RBSOR,2500,250,1,1,1,3,7843.431937,7865.321017,7872.731811,1,7872.731811,1.0,1.0
mpi,case1_N128_Re400_central_steps2500_p250,python_mpi_domain_looped,python,mpi_domain,looped,128,400,central,RBSOR,2500,250,2,2,1,3,4106.8502,4179.685423,4173.675293,1,7872.731811,1.88628,0.943141
mpi,case1_N128_Re400_central_steps2500_p250,python_mpi_domain_looped,python,mpi_domain,looped,128,400,central,RBSOR,2500,250,4,4,1,3,2096.117864,2107.381445,2100.120617,1,7872.731811,3.7487,0.937176
mpi,case1_N128_Re400_central_steps2500_p250,python_mpi_domain_looped,python,mpi_domain,looped,128,400,central,RBSOR,2500,250,8,8,1,3,1084.109214,1091.665212,1093.089551,1,7872.731811,7.20228,0.900284
mpi,case1_N128_Re400_central_steps2500_p250,python_mpi_domain_looped,python,mpi_domain,looped,128,400,central,RBSOR,2500,250,16,16,1,3,556.502614,565.2477148,569.370429,1,7872.731811,13.8271,0.864193
mpi,case1_N128_Re400_central_steps2500_p250,python_mpi_domain_vectorized,python,mpi_domain,vectorized,128,400,central,RBSOR,2500,250,1,1,1,3,332.2286789,333.2585968,333.3266129,1,333.3266129,1.0,1.0
mpi,case1_N128_Re400_central_steps2500_p250,python_mpi_domain_vectorized,python,mpi_domain,vectorized,128,400,central,RBSOR,2500,250,2,2,1,3,184.4686091,184.7262724,184.7126739,1,333.3266129,1.80457,0.902284
mpi,case1_N128_Re400_central_steps2500_p250,python_mpi_domain_vectorized,python,mpi_domain,vectorized,128,400,central,RBSOR,2500,250,4,4,1,3,109.4319716,109.8285455,109.7425044,1,333.3266129,3.03735,0.759338
mpi,case1_N128_Re400_central_steps2500_p250,python_mpi_domain_vectorized,python,mpi_domain,vectorized,128,400,central,RBSOR,2500,250,8,8,1,3,71.26722646,71.29890251,71.28669858,1,333.3266129,4.67586,0.584482
mpi,case1_N128_Re400_central_steps2500_p250,python_mpi_domain_vectorized,python,mpi_domain,vectorized,128,400,central,RBSOR,2500,250,16,16,1,3,53.74557161,53.78225215,53.74800515,1,333.3266129,6.20166,0.387603
openmp,case1_N128_Re400_central_steps2500_p250,c_openmp_domain_looped,c,openmp_domain,looped,128,400,central,RBSOR,2500,250,1,1,1,3,21.138521,21.16895247,21.17926186,1,21.17926186,1.0,1.0
openmp,case1_N128_Re400_central_steps2500_p250,c_openmp_domain_looped,c,openmp_domain,looped,128,400,central,RBSOR,2500,250,2,1,2,3,12.05662865,12.07450134,12.06714121,1,21.17926186,1.75512,0.877559
openmp,case1_N128_Re400_central_steps2500_p250,c_openmp_domain_looped,c,openmp_domain,looped,128,400,central,RBSOR,2500,250,4,1,4,3,7.937648729,7.962593929,7.965093318,1,21.17926186,2.65901,0.664752
openmp,case1_N128_Re400_central_steps2500_p250,c_openmp_domain_looped,c,openmp_domain,looped,128,400,central,RBSOR,2500,250,8,1,8,3,7.643189967,7.68961629,7.679653991,1,21.17926186,2.75784,0.34473
openmp,case1_N128_Re400_central_steps2500_p250,c_openmp_domain_looped,c,openmp_domain,looped,128,400,central,RBSOR,2500,250,16,1,16,3,11.6942525,11.8040533,11.85349671,1,21.17926186,1.78675,0.111672
openmp,case1_N128_Re400_central_steps2500_p250,c_openmp_domain_vectorized,c,openmp_domain,vectorized,128,400,central,RBSOR,2500,250,1,1,1,3,15.67222959,15.68598486,15.68804106,1,15.68804106,1.0,1.0
openmp,case1_N128_Re400_central_steps2500_p250,c_openmp_domain_vectorized,c,openmp_domain,vectorized,128,400,central,RBSOR,2500,250,2,1,2,3,9.472462092,9.636451125,9.506807297,1,15.68804106,1.65019,0.825095
openmp,case1_N128_Re400_central_steps2500_p250,c_openmp_domain_vectorized,c,openmp_domain,vectorized,128,400,central,RBSOR,2500,250,4,1,4,3,6.611727789,6.667517501,6.687667772,1,15.68804106,2.34582,0.586454
openmp,case1_N128_Re400_central_steps2500_p250,c_openmp_domain_vectorized,c,openmp_domain,vectorized,128,400,central,RBSOR,2500,250,8,1,8,3,7.045064732,7.169022462,7.134174831,1,15.68804106,2.199,0.274875
openmp,case1_N128_Re400_central_steps2500_p250,c_openmp_domain_vectorized,c,openmp_domain,vectorized,128,400,central,RBSOR,2500,250,16,1,16,3,11.74057716,12.64923641,11.84600395,1,15.68804106,1.32433,0.0827707
openmp,case1_N128_Re400_central_steps2500_p250,cpp_openmp_domain_looped,cpp,openmp_domain,looped,128,400,central,RBSOR,2500,250,1,1,1,3,21.28787645,21.31794266,21.3300812,1,21.3300812,1.0,1.0
openmp,case1_N128_Re400_central_steps2500_p250,cpp_openmp_domain_looped,cpp,openmp_domain,looped,128,400,central,RBSOR,2500,250,2,1,2,3,12.17235388,12.3102349,12.21996215,1,21.3300812,1.74551,0.872756
openmp,case1_N128_Re400_central_steps2500_p250,cpp_openmp_domain_looped,cpp,openmp_domain,looped,128,400,central,RBSOR,2500,250,4,1,4,3,8.002142098,8.064829799,8.062719036,1,21.3300812,2.64552,0.66138
openmp,case1_N128_Re400_central_steps2500_p250,cpp_openmp_domain_looped,cpp,openmp_domain,looped,128,400,central,RBSOR,2500,250,8,1,8,3,7.66399711,7.70348625,7.694795925,1,21.3300812,2.77201,0.346502
openmp,case1_N128_Re400_central_steps2500_p250,cpp_openmp_domain_looped,cpp,openmp_domain,looped,128,400,central,RBSOR,2500,250,16,1,16,3,11.57934506,11.63487693,11.58065588,1,21.3300812,1.84187,0.115117
openmp,case1_N128_Re400_central_steps2500_p250,cpp_openmp_domain_vectorized,cpp,openmp_domain,vectorized,128,400,central,RBSOR,2500,250,1,1,1,3,15.54905484,15.57148153,15.55830516,1,15.55830516,1.0,1.0
openmp,case1_N128_Re400_central_steps2500_p250,cpp_openmp_domain_vectorized,cpp,openmp_domain,vectorized,128,400,central,RBSOR,2500,250,2,1,2,3,9.458489128,9.567340812,9.465308633,1,15.55830516,1.64372,0.821859
openmp,case1_N128_Re400_central_steps2500_p250,cpp_openmp_domain_vectorized,cpp,openmp_domain,vectorized,128,400,central,RBSOR,2500,250,4,1,4,3,6.592060298,6.65042553,6.626934297,1,15.55830516,2.34774,0.586934
openmp,case1_N128_Re400_central_steps2500_p250,cpp_openmp_domain_vectorized,cpp,openmp_domain,vectorized,128,400,central,RBSOR,2500,250,8,1,8,3,7.003260657,7.15066348,7.099902485,1,15.55830516,2.19134,0.273918
openmp,case1_N128_Re400_central_steps2500_p250,cpp_openmp_domain_vectorized,cpp,openmp_domain,vectorized,128,400,central,RBSOR,2500,250,16,1,16,3,11.19560991,13.78588471,12.94315109,1,15.55830516,1.20205,0.0751281
